Country,Year,BEV Percentage (Total Number Of Registrations),GDP,CPI,EG,Recharging Points,AC Recharging Speed (km/h),DC Recharging Speed (km/h),Available,Battery Capacity,Real Range,Purchase price (EUR),Log_BEV Percentage (Total Number Of Registrations),Log_Recharging Points,Log_GDP,Log_CPI,Log_EG,Log_Available,Log_AC Recharging Speed (km/h)
Austria,2020,6.41,380317.9,1.381910633518592,-1.6,26797.0,39.325301204819,403.16455696203,97.0,57.761445783133,286.2,38311.38,2.0028304393079956,10.196082536848554,12.848765390288618,0.8679029528147836,,4.584967478670572,3.696979093414722
Austria,2021,13.92,406231.5,2.7666666666667,2.0,39904.0,40.904347826087,493.39130434783,168.0,64.046956521739,308.73,40745.01,2.702702594775615,10.59425690831011,12.91468093477517,1.326190437050194,1.0986122886681098,5.1298987149230735,3.7353895882770836
Austria,2022,15.7,449382.2,8.546869931884492,2.7,61393.0,49.314814814815,594.25925925926,253.0,73.787037037037,345.44,43874.27,2.8154087194227095,11.02506738949063,13.015631254857027,2.2562133449453463,1.308332819650179,5.537334267018537,3.918299562862077
Austria,2023,19.91,477837.3,7.814134170028328,0.8,76773.0,70.307692307692,649.23076923077,371.0,79.230769230769,379.51078544947944,45999.05,3.0402275134405423,11.24862132015093,13.07702766972365,2.1763565886806466,0.5877866649021191,5.918893854273146,4.267004208104314
Austria,2024,17.58,494087.6,2.937915742793849,0.1,102562.0,92.17635463782075,744.7369398802483,551.3231432955934,88.12346395201945,416.9419762403914,48874.922227563424,2.922085733385692,11.538232522896736,13.110470132315092,1.3706515840494515,0.09531017980432487,6.314133279515715,4.534493983900053
Austria,2025,21.34,510890.54051192733,3.527194399569225,0.0125,137013.84398160814,120.84709475506058,854.2927043943777,819.2916666666667,98.01425600557052,458.0650095236485,51930.59471337719,3.1063787936410545,11.827844549171516,13.14391259717031,1.5101024097825972,0.012422519998557155,6.709659968072142,4.802766936988945
Belgium,2020,3.48,463750.9,0.740791812220353,-0.1,28147.0,39.325301204819,403.16455696203,97.0,57.761445783133,286.2,38311.38,1.4996230464268938,10.24523158308644,13.04710498993043,0.5543400742104477,-0.10536051565782631,4.584967478670572,3.696979093414722
Belgium,2021,5.74,506047.2,2.440248511440835,1.7,43781.0,40.904347826087,493.39130434783,168.0,64.046956521739,308.73,40745.01,1.9080599249242156,10.686978052993675,13.134387200649947,1.2355437104739184,0.9932517730102833,5.1298987149230735,3.7353895882770836
Belgium,2022,10.32,561309.1,9.597511728725012,1.9,72304.0,49.314814814815,594.25925925926,253.0,73.787037037037,345.44,43874.27,2.4265710727750367,11.188648562048893,13.238028794711035,2.360619230988559,1.0647107369924282,5.537334267018537,3.918299562862077
Belgium,2023,19.59,602376.3,4.049010776139445,0.8,147542.0,70.307692307692,649.23076923077,371.0,79.230769230769,379.51078544947944,45999.05,3.0248055210396982,11.90187493770046,13.308639272154892,1.619192338186136,0.5877866649021191,5.918893854273146,4.267004208104314
Belgium,2024,28.38,620271.8,3.143491365000369,0.3,263074.0,92.17635463782075,744.7369398802483,551.3231432955934,88.12346395201945,416.9419762403914,48874.922227563424,3.380314170745731,12.480194441609013,13.337914660249659,1.4215387573179101,0.262364264467491,6.314133279515715,4.534493983900053
Belgium,2025,34.4,638698.9426297814,2.467055437746138,0.11249999999999998,469072.7350584918,120.84709475506058,854.2927043943777,819.2916666666667,98.01425600557052,458.0650095236485,51930.59471337719,3.5667118201397288,13.058515252679747,13.367190049726256,1.243305656695074,0.10660973505825821,6.709659968072142,4.802766936988945
Bulgaria,2020,1.24,120979.0,1.672440968557628,-1.8,609.0,39.325301204819,403.16455696203,97.0,57.761445783133,286.2,38311.38,0.8064758658669484,6.413458957167357,11.703380521660906,0.9829922752007532,,4.584967478670572,3.696979093414722
Bulgaria,2021,2.24,139536.6,3.297744352995085,0.1,1634.0,40.904347826087,493.39130434783,168.0,64.046956521739,308.73,40745.01,1.1755733298042381,7.399398083331354,11.84608937797596,1.4580903159941168,0.09531017980432487,5.1298987149230735,3.7353895882770836
Bulgaria,2022,3.56,168354.3,15.32525892643667,1.1,3322.0,49.314814814815,594.25925925926,253.0,73.787037037037,345.44,43874.27,1.5173226235262949,8.108623268354595,12.033831906125155,2.7927135357679043,0.7419373447293773,5.537334267018537,3.918299562862077
Bulgaria,2023,4.9,184875.0,9.442841400885662,1.1,5338.0,70.307692307692,649.23076923077,371.0,79.230769230769,379.51078544947944,45999.05,1.7749523509116738,8.582793648500186,12.127440609058647,2.3459167102601537,0.7419373447293773,5.918893854273146,4.267004208104314
Bulgaria,2024,3.96,204906.9,2.446519430060781,1.1,10290.0,92.17635463782075,744.7369398802483,551.3231432955934,88.12346395201945,416.9419762403914,48874.922227563424,1.601405740736836,9.239025005836092,12.230315888876625,1.2373648609486794,0.7419373447293773,6.314133279515715,4.534493983900053
Bulgaria,2025,4.93,227109.3315354158,4.580843552356987,1.1,19835.912326714126,120.84709475506058,854.2927043943777,819.2916666666667,98.01425600557052,458.0650095236485,51930.59471337719,1.780024213009634,9.895299740033618,12.33319122038962,1.7193399392250674,0.7419373447293773,6.709659968072142,4.802766936988945
Croatia,2020,1.48,50744.0,0.154811374562112,-1.4,1148.0,39.325301204819,403.16455696203,97.0,57.761445783133,286.2,38311.38,0.9082585601768908,7.046647277848756,10.834568369882918,0.1439370185694536,,4.584967478670572,3.696979093414722
Croatia,2021,3.01,58343.1,2.554506996420369,1.6,3514.0,40.904347826087,493.39130434783,168.0,64.046956521739,308.73,40745.01,1.3887912413184778,8.164794804244766,10.974113518634903,1.2682163747130395,0.9555114450274363,5.1298987149230735,3.7353895882770836
Croatia,2022,3.04,67613.0,10.78058067586863,1.9,3725.0,49.314814814815,594.25925925926,253.0,73.787037037037,345.44,43874.27,1.3962446919730587,8.223090551161533,11.121570341180405,2.4664524703760184,1.0647107369924282,5.537334267018537,3.918299562862077
Croatia,2023,2.87,79186.3,7.941281775868271,1.7,4792.0,70.307692307692,649.23076923077,371.0,79.230769230769,379.51078544947944,45999.05,1.3532545070416904,8.474911799159631,11.279571211409161,2.1906789542849197,0.9932517730102833,5.918893854273146,4.267004208104314
Croatia,2024,2.76,85905.2,2.972004776436221,5.6,6380.0,92.17635463782075,744.7369398802483,551.3231432955934,88.12346395201945,416.9419762403914,48874.922227563424,1.324418957401803,8.761080103868347,11.361011282317659,1.3792709487089456,1.8870696490323797,6.314133279515715,4.534493983900053
Croatia,2025,1.64,93194.19378150007,3.691534596057209,18.44705882352941,8494.240400667779,120.84709475506058,854.2927043943777,819.2916666666667,98.01425600557052,458.0650095236485,51930.59471337719,0.9707789171582248,9.047261332783641,11.442451430475938,1.5457597349203323,2.9676958413307077,6.709659968072142,4.802766936988945
Cyprus,2020,0.42,22373.6,-0.6384227979789451,-0.4,131.0,39.325301204819,403.16455696203,97.0,57.761445783133,286.2,38311.38,0.3506568716131694,4.882801922586371,10.015681665888287,-1.017279699959838,-0.5108256237659907,4.584967478670572,3.696979093414722
Cyprus,2021,0.75,25679.9,2.446088671754743,2.9,207.0,40.904347826087,493.39130434783,168.0,64.046956521739,308.73,40745.01,0.5596157879354227,5.337538079701318,10.153502803918748,1.2372398695665392,1.3609765531356006,5.1298987149230735,3.7353895882770836
Cyprus,2022,3.1,29645.4,8.395482979933316,4.0,269.0,49.314814814815,594.25925925926,253.0,73.787037037037,345.44,43874.27,1.410986973710262,5.598421958998375,10.29709598052815,2.240229039732824,1.6094379124341003,5.537334267018537,3.918299562862077
Cyprus,2023,5.39,32439.2,3.541341887516581,2.9,992.0,70.307692307692,649.23076923077,371.0,79.230769230769,379.51078544947944,45999.05,1.8547342683894434,6.900730664045173,10.387153673438458,1.5132225383186408,1.3609765531356006,5.918893854273146,4.267004208104314
Cyprus,2024,7.92,34770.2,1.800230186248181,2.0,1793.0,92.17635463782075,744.7369398802483,551.3231432955934,88.12346395201945,416.9419762403914,48874.922227563424,2.188295946591918,7.492203042618741,10.456544736917149,1.0297016231765033,1.0986122886681098,6.314133279515715,4.534493983900053
Cyprus,2025,9.68,37268.699845865485,0.9151414425427984,1.3793103448275863,3240.775201612903,120.84709475506058,854.2927043943777,819.2916666666667,98.01425600557052,458.0650095236485,51930.59471337719,2.3683728335320486,8.083876360475402,10.52593593893579,0.649791480240734,0.8668106746107854,6.709659968072142,4.802766936988945
Czech Republic,2020,1.61,5828318.0,3.161295284978078,-2.3,3002.0,39.325301204819,403.16455696203,97.0,57.761445783133,286.2,38311.38,0.959350221334602,8.00736706798333,15.578239180557693,1.4258263923899266,,4.584967478670572,3.696979093414722
Czech Republic,2021,1.28,6307755.0,3.83984491500143,1.0,5825.0,40.904347826087,493.39130434783,168.0,64.046956521739,308.73,40745.01,0.8241754429663494,8.67008593751938,15.657290545276986,1.5768826778600968,0.6931471805599453,5.1298987149230735,3.7353895882770836
Czech Republic,2022,2.05,7049872.0,15.10016514683717,1.0,12158.0,49.314814814815,594.25925925926,253.0,73.787037037037,345.44,43874.27,1.1151415906193203,9.405824915296419,15.768520160441797,2.778829529505335,0.6931471805599453,5.537334267018537,3.918299562862077
Czech Republic,2023,3.39,7659655.0,10.66126013724261,1.6,17173.0,70.307692307692,649.23076923077,371.0,79.230769230769,379.51078544947944,45999.05,1.4793292270870801,9.75115189123243,15.851477632092164,2.4562722486027737,0.9555114450274363,5.918893854273146,4.267004208104314
Czech Republic,2024,4.7,8057032.0,2.43531202435312,0.6,21928.0,92.17635463782075,744.7369398802483,551.3231432955934,88.12346395201945,416.9419762403914,48874.922227563424,1.7404661748405046,9.995565240737037,15.902055932568247,1.2341077583329252,0.4700036292457356,6.314133279515715,4.534493983900053
Czech Republic,2025,5.55,8475024.612599915,2.459963678388641,0.22499999999999995,27999.603097886218,120.84709475506058,854.2927043943777,819.2916666666667,98.01425600557052,458.0650095236485,51930.59471337719,1.8794650496471605,10.239981328135597,15.952634233361904,1.2412580914389957,0.20294084399669027,6.709659968072142,4.802766936988945
Denmark,2020,7.16,2326592.3,0.4207119741100971,-1.1,11341.0,39.325301204819,403.16455696203,97.0,57.761445783133,286.2,38311.38,2.0992441689760155,9.336267928573973,14.659915652621983,0.35115813617747144,,4.584967478670572,3.696979093414722
Denmark,2021,13.4,2553260.5,1.853045439896808,2.3,19182.0,40.904347826087,493.39130434783,168.0,64.046956521739,308.73,40745.01,2.667228206581955,9.861779749136337,14.75288211949365,1.0483869991626458,1.1939224684724346,5.1298987149230735,3.7353895882770836
Denmark,2022,20.71,2831269.6,7.696566998892644,4.0,38234.0,49.314814814815,594.25925925926,253.0,73.787037037037,345.44,43874.27,3.0777729838902004,10.551506605478325,14.856236144125202,2.1629283499578964,1.6094379124341003,5.537334267018537,3.918299562862077
Denmark,2023,36.24,2787929.9,3.305178112376054,1.1,72581.0,70.307692307692,649.23076923077,371.0,79.230769230769,379.51078544947944,45999.05,3.617383452408866,11.192472236187903,14.840810265763437,1.4598185103980683,0.7419373447293773,5.918893854273146,4.267004208104314
Denmark,2024,51.72,2926877.8,1.372200497689185,0.7,122910.0,92.17635463782075,744.7369398802483,551.3231432955934,88.12346395201945,416.9419762403914,48874.922227563424,3.9649948901942516,11.719215795210426,14.889447157232148,0.8638180044137014,0.5306282510621704,6.314133279515715,4.534493983900053
Denmark,2025,68.53,3072750.7374316836,1.893673727030524,0.4454545454545453,208138.05403618026,120.84709475506058,854.2927043943777,819.2916666666667,98.01425600557052,458.0650095236485,51930.59471337719,4.2417583141109265,12.245961664337573,14.938084049509232,1.062526880675409,0.36842383642781523,6.709659968072142,4.802766936988945
Estonia,2020,1.92,27859.3,-0.4445310976798129,-2.7,202.0,39.325301204819,403.16455696203,97.0,57.761445783133,286.2,38311.38,1.0715836162801904,5.313205979041787,10.234958015402167,-0.5879426528912761,,4.584967478670572,3.696979093414722
Estonia,2021,2.25,31453.3,4.653166738474747,0.1,234.0,40.904347826087,493.39130434783,168.0,64.046956521739,308.73,40745.01,1.1786549963416462,5.459585514144159,10.356290977742836,1.7322158728312702,0.09531017980432487,5.1298987149230735,3.7353895882770836
Estonia,2022,3.3,36300.9,19.39826340806164,4.6,455.0,49.314814814815,594.25925925926,253.0,73.787037037037,345.44,43874.27,1.4586150226995167,6.1224928095143865,10.499625360480964,3.0154497701708554,1.7227665977411035,5.537334267018537,3.918299562862077
Estonia,2023,6.39,38353.4,9.15922507983982,3.2,1104.0,70.307692307692,649.23076923077,371.0,79.230769230769,379.51078544947944,45999.05,2.0001277349601105,7.007600613951853,10.554624532939009,2.318382167572195,1.4350845252893227,5.918893854273146,4.267004208104314
Estonia,2024,5.2,39847.7,3.520560532965817,0.2,3366.0,92.17635463782075,744.7369398802483,551.3231432955934,88.12346395201945,416.9419762403914,48874.922227563424,1.824549292051046,8.121777419161074,10.59284506135249,1.5086359978734234,0.18232155679395465,6.314133279515715,4.534493983900053
Estonia,2025,6.74,41400.2199359118,4.828044382801662,0.0125,10262.641304347826,120.84709475506058,854.2927043943777,819.2916666666667,98.01425600557052,458.0650095236485,51930.59471337719,2.046401687601636,9.23636295871948,10.63106562643027,1.7626815037469366,0.012422519998557155,6.709659968072142,4.802766936988945
Finland,2020,4.4,236387.0,0.2905545556533039,-2.3,11232.0,39.325301204819,403.16455696203,97.0,57.761445783133,286.2,38311.38,1.6863989535702288,9.326611153641569,12.373229801804356,0.2550720141014995,,4.584967478670572,3.696979093414722
Finland,2021,10.31,248764.0,2.194574323400038,2.3,16646.0,40.904347826087,493.39130434783,168.0,64.046956521739,308.73,40745.01,2.425687290128029,9.719985298994011,12.424263954710314,1.1614538468406477,1.1939224684724346,5.1298987149230735,3.7353895882770836
Finland,2022,17.79,266135.0,7.123507733014013,3.5,20172.0,49.314814814815,594.25925925926,253.0,73.787037037037,345.44,43874.27,2.933324813425374,9.912100355634351,12.491762735301162,2.0947620477185267,1.5040773967762742,5.537334267018537,3.918299562862077
Finland,2023,33.91,272848.0,6.250643221547617,0.9,38263.0,70.307692307692,649.23076923077,371.0,79.230769230769,379.51078544947944,45999.05,3.5527733211169448,10.552264785360133,12.516673807590253,1.9810901851446425,0.6418538861723948,5.918893854273146,4.267004208104314
Finland,2024,29.53,275963.0,1.565689062316196,-1.1,57625.0,92.17635463782075,744.7369398802483,551.3231432955934,88.12346395201945,416.9419762403914,48874.922227563424,3.4187098067467865,10.961729133727554,12.528025701409323,0.9422270828246129,,6.314133279515715,4.534493983900053
Finland,2025,36.81,279113.562749223,0.3378746594005995,1.3444444444444446,86784.63855421687,120.84709475506058,854.2927043943777,819.2916666666667,98.01425600557052,458.0650095236485,51930.59471337719,3.6325736179028416,11.37119643251484,12.539377595695363,0.2910822797399911,0.8520484631458015,6.709659968072142,4.802766936988945
France,2020,6.72,2318276.2,0.4764988527250138,-0.1,,39.325301204819,403.16455696203,97.0,57.761445783133,286.2,38311.38,2.0438143640366846,,14.656334881581888,0.3896736451781817,-0.10536051565782631,4.584967478670572,3.696979093414722
France,2021,9.77,2508102.3,1.642331410383928,2.6,105567.0,40.904347826087,493.39130434783,168.0,64.046956521739,308.73,40745.01,2.3767644911682972,11.567110574028307,14.735037368084505,0.9716616374399285,1.2809338454620642,5.1298987149230735,3.7353895882770836
France,2022,13.27,2653997.2,5.222367483697355,2.3,280632.0,49.314814814815,594.25925925926,253.0,73.787037037037,345.44,43874.27,2.658159431488745,12.544803044867416,14.791577815652508,1.8281504587206434,1.1939224684724346,5.537334267018537,3.918299562862077
France,2023,16.73,2826541.5,4.878357265084381,1.1,430395.0,70.307692307692,649.23076923077,371.0,79.230769230769,379.51078544947944,45999.05,2.8752581200861167,12.972460994106228,14.85456479124837,1.7712773461912694,0.7419373447293773,5.918893854273146,4.267004208104314
France,2024,16.92,2919899.9,1.99904942291464,0.8,571796.0,92.17635463782075,744.7369398802483,551.3231432955934,88.12346395201945,416.9419762403914,48874.922227563424,2.8859174075467844,13.256539312266868,14.887060235312381,1.0982953794292276,0.5877866649021191,6.314133279515715,4.534493983900053
France,2025,20.01,3016341.8531162585,0.943770212469979,0.5818181818181819,759652.564774219,120.84709475506058,854.2927043943777,819.2916666666667,98.01425600557052,458.0650095236485,51930.59471337719,3.044998514856909,13.540617772514386,14.919555679738064,0.6646294955897226,0.45857493342211286,6.709659968072142,4.802766936988945
Germany,2020,6.56,3450720.0,0.1448779258139629,-0.7,150624.0,39.325301204819,403.16455696203,97.0,57.761445783133,286.2,38311.38,2.0228711901914416,11.922548583227057,15.054093752680359,0.13529801631277943,-1.203972804325936,4.584967478670572,3.696979093414722
Germany,2021,13.4,3682340.0,3.0666666666667,0.2,204664.0,40.904347826087,493.39130434783,168.0,64.046956521739,308.73,40745.01,2.667228206581955,12.229129775105537,15.11905924919735,1.4028236630711095,0.18232155679395465,5.1298987149230735,3.7353895882770836
Germany,2022,17.51,3989390.0,6.872574385510962,1.3,291730.0,49.314814814815,594.25925925926,253.0,73.787037037037,345.44,43874.27,2.9183111265854063,12.583587423777912,15.199149145637714,2.063385122727185,0.832909122935104,5.537334267018537,3.918299562862077
Germany,2023,18.28,4219310.0,5.946436677258284,0.7,405023.0,70.307692307692,649.23076923077,371.0,79.230769230769,379.51078544947944,45999.05,2.9590682891823996,12.911701603592174,15.255182402539994,1.9382288197886932,0.5306282510621704,5.918893854273146,4.267004208104314
Germany,2024,13.47,4328970.0,2.256498143387575,0.1,581995.0,92.17635463782075,744.7369398802483,551.3231432955934,88.12346395201945,416.9419762403914,48874.922227563424,2.6720775406433925,13.274218853837723,15.28084042739498,1.1806524288790452,0.09531017980432487,6.314133279515715,4.534493983900053
Germany,2025,19.08,4470480.0,2.171787709497235,0.014285714285714289,836293.6920248973,120.84709475506058,854.2927043943777,819.2916666666667,98.01425600557052,458.0650095236485,51930.59471337719,2.9997242948235283,13.636736332374582,15.313006567064594,1.1542953751449216,0.014184634991956435,6.709659968072142,4.802766936988945
Greece,2020,0.84,167539.5,-1.247983555814084,-2.6,814.0,39.325301204819,403.16455696203,97.0,57.761445783133,286.2,38311.38,0.6097655716208943,6.703188113240863,12.028980392065291,,,4.584967478670572,3.696979093414722
Greece,2021,2.1,184574.6,1.223825010198541,5.1,1950.0,40.904347826087,493.39130434783,168.0,64.046956521739,308.73,40745.01,1.1314021114911006,7.576097340623111,12.125814414633176,0.7992286908280236,1.8082887711792655,5.1298987149230735,3.7353895882770836
Greece,2022,2.51,207008.7,9.645259812806383,3.5,3051.0,49.314814814815,594.25925925926,253.0,73.787037037037,345.44,43874.27,1.2556160374777743,8.023552392404348,12.240520931052997,2.365114705074969,1.5040773967762742,5.537334267018537,3.918299562862077
Greece,2023,4.5,224686.2,3.464801285134019,2.0,8952.0,70.307692307692,649.23076923077,371.0,79.230769230769,379.51078544947944,45999.05,1.7047480922384253,9.099743950634156,12.322464491708851,1.4962247083289069,1.0986122886681098,5.918893854273146,4.267004208104314
Greece,2024,5.92,236736.0,2.741490457886056,0.9,24539.0,92.17635463782075,744.7369398802483,551.3231432955934,88.12346395201945,416.9419762403914,48874.922227563424,1.9344157696295783,10.108059718264903,12.37470509929783,1.3194840501905247,0.6418538861723948,6.314133279515715,4.534493983900053
Greece,2025,5.81,249432.02428987628,2.481626943608336,0.405,67265.69716264521,120.84709475506058,854.2927043943777,819.2916666666667,98.01425600557052,458.0650095236485,51930.59471337719,1.918392120161421,11.116420551592876,12.426945718417384,1.2474996970675798,0.3400373027857091,6.709659968072142,4.802766936988945
Hungary,2020,2.32,48807766.0,3.326743857667302,-2.0,3205.0,39.325301204819,403.16455696203,97.0,57.761445783133,286.2,38311.38,1.199964782928397,8.072779333169498,17.70340001799486,1.4648152632038445,,4.584967478670572,3.696979093414722
Hungary,2021,3.54,55560466.0,5.1109653438286,2.4,7398.0,40.904347826087,493.39130434783,168.0,64.046956521739,308.73,40745.01,1.5129270120532565,8.90910013492555,17.832982481142665,1.8100847547837209,1.2237754316221157,5.1298987149230735,3.7353895882770836
Hungary,2022,4.22,65950424.0,14.60814394924331,1.6,12637.0,49.314814814815,594.25925925926,253.0,73.787037037037,345.44,43874.27,1.6524974018945473,9.444463427333401,18.0044138813828,2.7477928260642432,0.9555114450274363,5.537334267018537,3.918299562862077
Hungary,2023,5.66,75292668.0,17.12496596787367,0.7,13285.0,70.307692307692,649.23076923077,371.0,79.230769230769,379.51078544947944,45999.05,1.8961194845522977,9.494466128225186,18.136893330792883,2.8972903231044196,0.5306282510621704,5.918893854273146,4.267004208104314
Hungary,2024,7.04,81447664.0,3.703703703703673,,15603.0,92.17635463782075,744.7369398802483,551.3231432955934,88.12346395201945,416.9419762403914,48874.922227563424,2.0844290831908747,9.655282570626547,18.21547122470698,1.5483502204542556,,6.314133279515715,4.534493983900053
Hungary,2025,8.36,88105816.2403927,4.41198445905565,0.0,18325.45043281897,120.84709475506058,854.2927043943777,819.2916666666667,98.01425600557052,458.0650095236485,51930.59471337719,2.2364452904895007,9.816100674117513,18.29404911869693,1.688615838733031,0.0,6.709659968072142,4.802766936988945
Ireland,2020,4.46,381728.7,-0.3261836512800592,-2.5,3900.0,39.325301204819,403.16455696203,97.0,57.761445783133,286.2,38311.38,1.6974487897568136,8.268988209506656,12.852468045504567,-0.3947976848431578,,4.584967478670572,3.696979093414722
Ireland,2021,8.32,448445.1,2.340341134470464,6.6,3693.0,40.904347826087,493.39130434783,168.0,64.046956521739,308.73,40745.01,2.2321626286975,8.214465160759186,13.013543774886637,1.2060729378420771,2.028148247292285,5.1298987149230735,3.7353895882770836
Ireland,2022,14.91,520718.4,7.82945736434107,6.9,6207.0,49.314814814815,594.25925925926,253.0,73.787037037037,345.44,43874.27,2.7669478423496954,8.733594061863055,13.162966595994876,2.178093559085508,2.066862759472976,5.537334267018537,3.918299562862077
Ireland,2023,18.77,524728.8,6.299424874191223,3.5,10475.0,70.307692307692,649.23076923077,371.0,79.230769230769,379.51078544947944,45999.05,2.9841656371825254,9.256842205627603,13.170638742420746,1.9877955606933282,1.5040773967762742,5.918893854273146,4.267004208104314
Ireland,2024,14.39,562794.2,2.113449995773188,2.7,12933.0,92.17635463782075,744.7369398802483,551.3231432955934,88.12346395201945,416.9419762403914,48874.922227563424,2.733717947850788,9.467614782006539,13.240671075401352,1.1357314347463447,1.308332819650179,6.314133279515715,4.534493983900053
Ireland,2025,18.89,603620.9782151083,2.210447884758571,2.082857142857143,15967.779379474941,120.84709475506058,854.2927043943777,819.2916666666667,98.01425600557052,458.0650095236485,51930.59471337719,2.9902170928658807,9.678390806194987,13.310703417100125,1.1664104553709753,1.1258568107746754,6.709659968072142,4.802766936988945
Italy,2020,2.35,1670011.9,-0.1377075739165006,-2.0,37379.0,39.325301204819,403.16455696203,97.0,57.761445783133,286.2,38311.38,1.208960345836975,10.528891081009554,14.328341908914002,-0.14816082445162487,,4.584967478670572,3.696979093414722
Italy,2021,4.62,1842507.4,1.87378325762482,1.0,72042.0,40.904347826087,493.39130434783,168.0,64.046956521739,308.73,40745.01,1.7263316639055997,11.185018441954195,14.426638462058303,1.0556293699294874,0.6931471805599453,5.1298987149230735,3.7353895882770836
Italy,2022,3.75,1998072.6,8.201289911617138,1.9,104936.0,49.314814814815,594.25925925926,253.0,73.787037037037,345.44,43874.27,1.55814461804655,11.561115449067628,14.507694074349013,2.2193436820112735,1.0647107369924282,5.537334267018537,3.918299562862077
Italy,2023,4.23,2142601.7,5.622194421959058,2.1,152565.0,70.307692307692,649.23076923077,371.0,79.230769230769,379.51078544947944,45999.05,1.6544112780768316,11.935352568289618,14.577531862961019,1.8904267986999563,1.1314021114911006,5.918893854273146,4.267004208104314
Italy,2024,4.25,2199619.4,0.9823730230613804,1.6,203138.0,92.17635463782075,744.7369398802483,551.3231432955934,88.12346395201945,416.9419762403914,48874.922227563424,1.6582280766035324,12.221645752767976,14.60379535798632,0.6842946235784879,0.9555114450274363,6.314133279515715,4.534493983900053
Italy,2025,6.18,2258154.4226611783,1.531668276528218,1.2190476190476192,270475.18791334843,120.84709475506058,854.2927043943777,819.2916666666667,98.01425600557052,458.0650095236485,51930.59471337719,1.9712993830601329,12.507939343498615,14.630058853325224,0.928878483269438,0.7970781034081772,6.709659968072142,4.802766936988945
Latvia,2020,2.14,29224.3,0.2190649048421137,-0.7,744.0,39.325301204819,403.16455696203,97.0,57.761445783133,286.2,38311.38,1.144222799920162,6.61338421837956,10.282790051471501,0.19808409341485841,-1.203972804325936,4.584967478670572,3.696979093414722
Latvia,2021,2.94,32283.8,3.275829374311562,-1.3,1223.0,40.904347826087,493.39130434783,168.0,64.046956521739,308.73,40745.01,1.3711807233098425,7.1098794630722715,10.38235181021406,1.452978089258969,,5.1298987149230735,3.7353895882770836
Latvia,2022,6.38,36088.7,17.3102830198815,0.2,1816.0,49.314814814815,594.25925925926,253.0,73.787037037037,345.44,43874.27,1.998773638612381,7.504942068396171,10.49376278505033,2.9074628156877402,0.18232155679395465,5.537334267018537,3.918299562862077
Latvia,2023,9.48,39564.2,8.938046233166386,1.8,2034.0,70.307692307692,649.23076923077,371.0,79.230769230769,379.51078544947944,45999.05,2.349468678892896,7.618251097876695,10.585705223003346,2.2963704453293383,1.0296194171811581,5.918893854273146,4.267004208104314
Latvia,2024,7.52,40359.4,1.265798858287292,-1.5,3751.0,92.17635463782075,744.7369398802483,551.3231432955934,88.12346395201945,416.9419762403914,48874.922227563424,2.1424163408412245,8.230044310126114,10.60560438522121,0.8179273935676777,,6.314133279515715,4.534493983900053
Latvia,2025,7.05,41170.5827075993,3.745773167519397,1.25,6917.404621435595,120.84709475506058,854.2927043943777,819.2916666666667,98.01425600557052,458.0650095236485,51930.59471337719,2.0856720914304723,8.841940475996575,10.625503557250662,1.5572543624169761,0.8109302162163288,6.709659968072142,4.802766936988945
Lithuania,2020,1.13,50264.6,1.199894449835678,-1.6,468.0,39.325301204819,403.16455696203,97.0,57.761445783133,286.2,38311.38,0.7561219797213337,6.150602768446279,10.825076225503581,0.7884093818659014,,4.584967478670572,3.696979093414722
Lithuania,2021,3.61,56709.1,4.683544209034547,1.3,503.0,40.904347826087,493.39130434783,168.0,64.046956521739,308.73,40745.01,1.528227857008557,6.222576268071369,10.945707604363951,1.7375750186020238,0.832909122935104,5.1298987149230735,3.7353895882770836
Lithuania,2022,5.16,67081.1,19.70504615183938,5.0,1066.0,49.314814814815,594.25925925926,253.0,73.787037037037,345.44,43874.27,1.8180767775454285,6.9726062513017535,11.113672521350525,3.0303774460140938,1.791759469228055,5.537334267018537,3.918299562862077
Lithuania,2023,7.4,74317.0,9.117319623904732,1.4,3837.0,70.307692307692,649.23076923077,371.0,79.230769230769,379.51078544947944,45999.05,2.128231705849268,8.252706676567644,11.216108462469002,2.3142487694799496,0.8754687373538999,5.918893854273146,4.267004208104314
Lithuania,2024,6.65,78996.2,0.7157358352286965,1.5,9864.0,92.17635463782075,744.7369398802483,551.3231432955934,88.12346395201945,416.9419762403914,48874.922227563424,2.0347056478384444,9.196748418456716,11.277167687783065,0.5398420470410386,0.9162907318741551,6.314133279515715,4.534493983900053
Lithuania,2025,6.99,83970.0151303201,3.791705108604704,1.6071428571428572,25357.96090695856,120.84709475506058,854.2927043943777,819.2916666666667,98.01425600557052,458.0650095236485,51930.59471337719,2.0781907597781832,10.140887434011345,11.338226960306871,1.5668863206484527,0.9582549309731873,6.709659968072142,4.802766936988945
Luxembourg,2020,5.59,64499.2,0.819957302127018,1.8,3824.0,39.325301204819,403.16455696203,97.0,57.761445783133,286.2,38311.38,1.8855533485144158,8.249313746260636,11.07442360355425,0.5988130404437348,1.0296194171811581,4.584967478670572,3.696979093414722
Luxembourg,2021,10.56,73039.5,2.526920090661688,2.9,5194.0,40.904347826087,493.39130434783,168.0,64.046956521739,308.73,40745.01,2.4475508632442313,8.555451903533328,11.198769360809493,1.2604249945361499,1.3609765531356006,5.1298987149230735,3.7353895882770836
Luxembourg,2022,15.82,76731.2,6.336008077779127,3.3,6335.0,49.314814814815,594.25925925926,253.0,73.787037037037,345.44,43874.27,2.822568654544802,8.754002933494261,11.248076716727315,1.9927948360684875,1.4586150226995167,5.537334267018537,3.918299562862077
Luxembourg,2023,23.15,82115.5,3.741403619831411,1.9,9542.0,70.307692307692,649.23076923077,371.0,79.230769230769,379.51078544947944,45999.05,3.184284380098582,9.163563180417254,11.315894249669304,1.5563332141987243,1.0647107369924282,5.918893854273146,4.267004208104314
Luxembourg,2024,27.37,86180.3,2.051132699548584,1.0,9406.0,92.17635463782075,744.7369398802483,551.3231432955934,88.12346395201945,416.9419762403914,48874.922227563424,3.34533224882076,9.149209371971951,11.364208495762485,1.1155128985771627,0.6931471805599453,6.314133279515715,4.534493983900053
Luxembourg,2025,27.09,90446.3116962084,1.1244831562297566,0.5263157894736842,9271.938377698596,120.84709475506058,854.2927043943777,819.2916666666667,98.01425600557052,458.0650095236485,51930.59471337719,3.335413641116152,9.13485558543129,11.412522768946797,0.753528552195692,0.42285685082003355,6.709659968072142,4.802766936988945
Malta,2020,1.23,14362.4,0.6385449567766467,3.2,390.0,39.325301204819,403.16455696203,97.0,57.761445783133,286.2,38311.38,0.8020015854720274,5.968707559985366,9.572438583379133,0.49380862654452673,1.4350845252893227,4.584967478670572,3.696979093414722
Malta,2021,1.5,16689.9,1.497892179347314,3.0,386.0,40.904347826087,493.39130434783,168.0,64.046956521739,308.73,40745.01,0.9162907318741551,5.958424693029782,9.722618939707699,0.9154472479805383,1.3862943611198906,5.1298987149230735,3.7353895882770836
Malta,2022,1.94,17974.7,6.153756219330356,5.1,297.0,49.314814814815,594.25925925926,253.0,73.787037037037,345.44,43874.27,1.0784095813505903,5.697093486505405,9.796776124807346,1.9676375641212418,1.8082887711792655,5.537334267018537,3.918299562862077
Malta,2023,14.95,20911.2,5.093967589788786,6.8,332.0,70.307692307692,649.23076923077,371.0,79.230769230769,379.51078544947944,45999.05,2.7694588292308535,5.808142489980444,9.948087999705033,1.8072993621688014,2.0541237336955462,5.918893854273146,4.267004208104314
Malta,2024,38.78,23071.0,1.650794692831084,5.0,427.0,92.17635463782075,744.7369398802483,551.3231432955934,88.12346395201945,416.9419762403914,48874.922227563424,3.683364273425826,6.059123195581797,10.046375040084676,0.974859479129087,1.791759469228055,6.314133279515715,4.534493983900053
Malta,2025,32.88,25453.87357014423,0.5349706431862606,3.6764705882352944,549.183734939759,120.84709475506058,854.2927043943777,819.2916666666667,98.01425600557052,458.0650095236485,51930.59471337719,3.522824869783854,6.310252285966555,10.144662499525603,0.42851125589618533,1.5425436776040702,6.709659968072142,4.802766936988945
Netherlands,2020,20.43,816463.0,1.272460377891656,-0.5,224164.0,39.325301204819,403.16455696203,97.0,57.761445783133,286.2,38311.38,3.064791809485486,12.320137666818145,13.612738099789896,0.8208631114462788,-0.6931471805599453,4.584967478670572,3.696979093414722
Netherlands,2021,19.89,891550.0,2.675720088053855,1.7,313050.0,40.904347826087,493.39130434783,168.0,64.046956521739,308.73,40745.01,3.0392705755684744,12.65412139554625,13.700717921603648,1.301749055798189,0.9932517730102833,5.1298987149230735,3.7353895882770836
Netherlands,2022,23.32,993820.0,10.00120787534726,3.2,403405.0,49.314814814815,594.25925925926,253.0,73.787037037037,345.44,43874.27,3.1912990570979662,12.907698777966253,13.809312388939377,2.3980050736197907,1.4350845252893227,5.537334267018537,3.918299562862077
Netherlands,2023,30.52,1050133.0,3.838393543428104,1.7,558810.0,70.307692307692,649.23076923077,371.0,79.230769230769,379.51078544947944,45999.05,3.4506222649896783,13.233566591210566,13.864428333038708,1.5765827531185355,0.9932517730102833,5.918893854273146,4.267004208104314
Netherlands,2024,34.45,1122459.0,3.347543042199504,1.0,675302.0,92.17635463782075,744.7369398802483,551.3231432955934,88.12346395201945,416.9419762403914,48874.922227563424,3.5681232529781366,13.42291675802308,13.931033263219739,1.4696108676457116,0.6931471805599453,6.314133279515715,4.534493983900053
Netherlands,2025,36.68,1199766.3216763972,3.259576645136613,0.5882352941176471,816078.4366850988,120.84709475506058,854.2927043943777,819.2916666666667,98.01425600557052,458.0650095236485,51930.59471337719,3.629129449708162,13.612266978086947,13.997638197354462,1.449169776266939,0.462623521948113,6.709659968072142,4.802766936988945
Poland,2020,0.86,2362909.0,3.374469726185885,0.2,3050.0,39.325301204819,403.16455696203,97.0,57.761445783133,286.2,38311.38,0.6205764877251099,8.02322468471667,14.675404468266393,1.4757853070203781,0.18232155679395465,4.584967478670572,3.696979093414722
Poland,2021,1.6,2661518.0,5.055027047192688,2.9,10794.0,40.904347826087,493.39130434783,168.0,64.046956521739,308.73,40745.01,0.9555114450274363,9.286838342948908,14.794407570400955,1.8008888439137722,1.3609765531356006,5.1298987149230735,3.7353895882770836
Poland,2022,2.69,3100850.0,14.42945075757578,1.1,11542.0,49.314814814815,594.25925925926,253.0,73.787037037037,345.44,43874.27,1.3056264580524357,9.353834471614912,14.947187147911748,2.7362780699914144,0.7419373447293773,5.537334267018537,3.918299562862077
Poland,2023,3.6,3415274.0,11.52891279611048,0.1,20247.0,70.307692307692,649.23076923077,371.0,79.230769230769,379.51078544947944,45999.05,1.5260563034950492,9.91581130222496,15.04376857483128,2.5280389970756114,0.09531017980432487,5.918893854273146,4.267004208104314
Poland,2024,3.0,3653432.0,3.784260075128692,-0.7,32839.0,92.17635463782075,744.7369398802483,551.3231432955934,88.12346395201945,416.9419762403914,48874.922227563424,1.3862943611198906,10.399402563566365,15.111177831465811,1.5653313787009324,-1.203972804325936,6.314133279515715,4.534493983900053
Poland,2025,6.73,3908197.520498795,3.820546047633888,4.8999999999999995,53262.20778386921,120.84709475506058,854.2927043943777,819.2916666666667,98.01425600557052,458.0650095236485,51930.59471337719,2.0451088625993306,10.88300108631634,15.178587089344578,1.5728872095367685,1.7749523509116736,6.709659968072142,4.802766936988945
Portugal,2020,5.4,201032.7,-0.0124383299575331,-2.0,7431.0,39.325301204819,403.16455696203,97.0,57.761445783133,286.2,38311.38,1.8562979903656263,8.913550280493675,12.211227834679105,-0.012516333480906547,,4.584967478670572,3.696979093414722
Portugal,2021,9.04,216493.7,1.265657190690413,1.4,14024.0,40.904347826087,493.39130434783,168.0,64.046956521739,308.73,40745.01,2.306577114263583,9.548596730390898,12.285321345755518,0.8178648672646995,0.8754687373538999,5.1298987149230735,3.7353895882770836
Portugal,2022,11.39,243957.1,7.832691242333217,3.7,21369.0,49.314814814815,594.25925925926,253.0,73.787037037037,345.44,43874.27,2.516889695641051,9.969743348313193,12.404751768218071,2.1784597521348705,1.547562508716013,5.537334267018537,3.918299562862077
Portugal,2023,18.21,270352.6,4.311281918986795,2.0,29059.0,70.307692307692,649.23076923077,371.0,79.230769230769,379.51078544947944,45999.05,2.955430976780465,10.277117937124274,12.50748601079325,1.669833222122739,1.0986122886681098,5.918893854273146,4.267004208104314
Portugal,2024,20.06,289428.0,2.416131877918763,0.7,41495.0,92.17635463782075,744.7369398802483,551.3231432955934,88.12346395201945,416.9419762403914,48874.922227563424,3.0473755067058295,10.633352316031235,12.575665295484603,1.2285088811292486,0.5306282510621704,6.314133279515715,4.534493983900053
Portugal,2025,23.26,309849.3122832923,2.336016203166993,0.24499999999999997,59253.072197942114,120.84709475506058,854.2927043943777,819.2916666666667,98.01425600557052,458.0650095236485,51930.59471337719,3.1888289035159043,10.989589785714834,12.643844596242875,1.2047773415491512,0.2191355299166709,6.709659968072142,4.802766936988945
Romania,2020,2.25,1063650.7,2.631073111847455,-2.1,1216.0,39.325301204819,403.16455696203,97.0,57.761445783133,286.2,38311.38,1.1786549963416462,7.104144092987527,13.877218545669082,1.2895282276873337,,4.584967478670572,3.696979093414722
Romania,2021,5.26,1186015.4,5.052328760965817,0.8,3072.0,40.904347826087,493.39130434783,168.0,64.046956521739,308.73,40745.01,1.8341801851120072,8.030409562130485,13.986110686437456,1.8004431171482755,0.5877866649021191,5.1298987149230735,3.7353895882770836
Romania,2022,8.94,1384597.8,13.79548874325207,0.7,5391.0,49.314814814815,594.25925925926,253.0,73.787037037037,345.44,43874.27,2.2965670206684825,8.592671652592143,14.14092098054939,2.6943223196595127,0.5306282510621704,5.537334267018537,3.918299562862077
Romania,2023,10.53,1590749.4,10.39718747649961,-1.2,9688.0,70.307692307692,649.23076923077,371.0,79.230769230769,379.51078544947944,45999.05,2.4449523342809676,9.178746500385005,14.279716412548723,2.4333666123741393,,5.918893854273146,4.267004208104314
Romania,2024,6.49,1759183.3,5.721405743544354,1.6,15449.0,92.17635463782075,744.7369398802483,551.3231432955934,88.12346395201945,416.9419762403914,48874.922227563424,2.0135687975291283,9.645364282325891,14.380360793671723,1.9052973206857273,0.9555114450274363,6.314133279515715,4.534493983900053
Romania,2025,5.59,1945451.5481815618,3.148397944756782,1.6,24635.79696531792,120.84709475506058,854.2927043943777,819.2916666666667,98.01425600557052,458.0650095236485,51930.59471337719,1.8855533485144158,10.111996415906928,14.481005180557537,1.4227222223029805,0.9555114450274363,6.709659968072142,4.802766936988945
Slovakia,2020,1.19,94320.6,1.936941266942209,-1.9,1397.0,39.325301204819,403.16455696203,97.0,57.761445783133,286.2,38311.38,0.7839015438284094,7.242797922793756,11.454465498595788,1.077368654380235,,4.584967478670572,3.696979093414722
Slovakia,2021,1.5,101891.6,3.149606299212675,-0.6,4520.0,40.904347826087,493.39130434783,168.0,64.046956521739,308.73,40745.01,0.9162907318741551,8.416488487294606,11.531674596357943,1.4230134620827894,-0.916290731874155,5.1298987149230735,3.7353895882770836
Slovakia,2022,1.91,109959.8,12.774146363761,1.8,7088.0,49.314814814815,594.25925925926,253.0,73.787037037037,345.44,43874.27,1.0681530811834012,8.866299565855018,11.60787921762558,2.622793383155857,1.0296194171811581,5.537334267018537,3.918299562862077
Slovakia,2023,2.86,123538.7,10.53194766452113,0.3,8631.0,70.307692307692,649.23076923077,371.0,79.230769230769,379.51078544947944,45999.05,1.3506671834767394,9.06323150693797,11.724317840883659,2.445121241482917,0.262364264467491,5.918893854273146,4.267004208104314
Slovakia,2024,2.34,130207.5,2.757609094242728,-0.2,11351.0,92.17635463782075,744.7369398802483,551.3231432955934,88.12346395201945,416.9419762403914,48874.922227563424,1.205970806988609,9.337149218839878,11.776892290803874,1.3237828759541215,-0.22314355131420976,6.314133279515715,4.534493983900053
Slovakia,2025,4.56,137236.29159324165,4.000428234958305,0.13333333333333336,14928.189201714747,120.84709475506058,854.2927043943777,819.2916666666667,98.01425600557052,458.0650095236485,51930.59471337719,1.715598108262491,9.611073582408526,11.829466761957203,1.6095235557582672,0.12516314295400605,6.709659968072142,4.802766936988945
Slovenia,2020,3.12,46738.7,-0.0548568157606016,-0.7,1657.0,39.325301204819,403.16455696203,97.0,57.761445783133,286.2,38311.38,1.415853163361435,7.4133673356952405,10.752349189587013,-0.05641884525239461,-1.203972804325936,4.584967478670572,3.696979093414722
Slovenia,2021,3.13,52032.4,1.917065060892635,1.3,4082.0,40.904347826087,493.39130434783,168.0,64.046956521739,308.73,40745.01,1.4182774069729414,8.314587291319576,10.859641099064573,1.07057799467958,0.832909122935104,5.1298987149230735,3.7353895882770836
Slovenia,2022,5.0,56881.6,8.833698867494546,2.9,5394.0,49.314814814815,594.25925925926,253.0,73.787037037037,345.44,43874.27,1.791759469228055,8.593227877692234,10.94874477369967,2.285815146952314,1.3609765531356006,5.537334267018537,3.918299562862077
Slovenia,2023,8.86,64050.0,7.446877173858359,1.5,6480.0,70.307692307692,649.23076923077,371.0,79.230769230769,379.51078544947944,45999.05,2.288486168614544,8.776630098427717,11.0674349200055,2.1337968078391625,0.9162907318741551,5.918893854273146,4.267004208104314
Slovenia,2024,5.98,67418.1,1.965626564325074,0.5,7796.0,92.17635463782075,744.7369398802483,551.3231432955934,88.12346395201945,416.9419762403914,48874.922227563424,1.9430489167742813,8.9614943233096,11.118683639544397,1.087088330301816,0.4054651081081644,6.314133279515715,4.534493983900053
Slovenia,2025,10.6,70963.31315550352,2.37284807226555,0.16666666666666666,9379.261728395062,120.84709475506058,854.2927043943777,819.2916666666667,98.01425600557052,458.0650095236485,51930.59471337719,2.451005098112319,9.146362944424967,11.169932398049212,1.215757512748312,0.15415067982725827,6.709659968072142,4.802766936988945
Spain,2020,2.14,1129214.0,-0.3227530172996851,-4.4,16690.0,39.325301204819,403.16455696203,97.0,57.761445783133,286.2,38311.38,1.144222799920162,9.722624930978418,13.937033259013944,-0.38971925324972173,,4.584967478670572,3.696979093414722
Spain,2021,2.82,1235474.0,3.093135119764123,2.6,28083.0,40.904347826087,493.39130434783,168.0,64.046956521739,308.73,40745.01,1.3402504226184837,10.24295529813714,14.026966069483294,1.409311209368037,1.2809338454620642,5.1298987149230735,3.7353895882770836
Spain,2022,3.86,1375863.0,8.390576341186343,3.8,60115.0,49.314814814815,594.25925925926,253.0,73.787037037037,345.44,43874.27,1.5810384379124023,11.004031308053985,14.134592455381405,2.2397066695247165,1.5686159179138452,5.537334267018537,3.918299562862077
Spain,2023,5.78,1497761.0,3.532361334924285,3.3,108528.0,70.307692307692,649.23076923077,371.0,79.230769230769,379.51078544947944,45999.05,1.9139771019523042,11.594772697355411,14.219482551932103,1.5112430696707226,1.4586150226995167,5.918893854273146,4.267004208104314
Spain,2024,5.79,1594330.0,2.774178265347752,2.3,138911.0,92.17635463782075,744.7369398802483,551.3231432955934,88.12346395201945,416.9419762403914,48874.922227563424,1.9154509415706047,11.84159591809932,14.281964770476632,1.3281826809521062,1.1939224684724346,6.314133279515715,4.534493983900053
Spain,2025,9.19,1697125.3416933676,2.673066515605895,1.6030303030303028,177799.88501584844,120.84709475506058,854.2927043943777,819.2916666666667,98.01425600557052,458.0650095236485,51930.59471337719,2.321406847234633,12.088419579641501,14.344446991470653,1.3010268760135786,0.9566762675237294,6.709659968072142,4.802766936988945
Sweden,2020,9.55,5012855.0,0.497367318853587,-1.3,47680.0,39.325301204819,403.16455696203,97.0,57.761445783133,286.2,38311.38,2.3561258599220753,10.77228827467366,15.427516370518878,0.4037084453148782,,4.584967478670572,3.696979093414722
Sweden,2021,19.09,5417760.0,2.163197364471508,1.3,70537.0,40.904347826087,493.39130434783,168.0,64.046956521739,308.73,40745.01,3.000222178826843,11.163906850680414,15.505193188435674,1.1515833402495954,0.832909122935104,5.1298987149230735,3.7353895882770836
Sweden,2022,32.84,5816415.0,8.36929098869185,3.5,83510.0,49.314814814815,594.25925925926,253.0,73.787037037037,345.44,43874.27,3.521643534738023,11.3327336386894,15.57619482246013,2.2374374251580877,1.5040773967762742,5.537334267018537,3.918299562862077
Sweden,2023,38.42,6143187.0,8.54862489748906,1.2,126758.0,70.307692307692,649.23076923077,371.0,79.230769230769,379.51078544947944,45999.05,3.674273301724574,11.750042924849788,15.630854383617217,2.256397154333392,0.7884573603642702,5.918893854273146,4.267004208104314
Sweden,2024,34.99,6379843.0,2.835816582240299,-0.3,189977.0,92.17635463782075,744.7369398802483,551.3231432955934,88.12346395201945,416.9419762403914,48874.922227563424,3.5832411220909393,12.15466355496482,15.668654203611373,1.3443823410293025,-0.3566749439387324,6.314133279515715,4.534493983900053
Sweden,2025,36.58,6625615.776411983,0.6798692852440064,0.075,284725.7019596396,120.84709475506058,854.2927043943777,819.2916666666667,98.01425600557052,458.0650095236485,51930.59471337719,3.6264719939853194,12.559285058680713,15.706454023829517,0.5187159839857153,0.07232066157962612,6.709659968072142,4.802766936988945
