Country,Year,BEV Percentage (Total Number Of Registrations),BEV (New Registrations),GDP,CPI,EG,Recharging Points,AC Recharging Speed (km/h),DC Recharging Speed (km/h),Available,Battery Capacity,Real Range,Purchase price (EUR)
Austria,2011,0.18,631.0,"308,167.0",3.286579148753771,1.6,,17.5,175.0,4.0,16.375,95.0,
Austria,2012,0.13,427.0,"316,589.4",2.485675621770154,1.0,1063.0,,,4.0,,95.0,
Austria,2013,0.21,656.0,"321,191.7",2.000156169005993,0.4,1173.0,48.2,270.0,8.0,32.9,142.22,30469.93
Austria,2014,0.44,1344.0,"330,113.5",1.605811829544746,1.0,1393.0,22.6,240.0,13.0,33.26,155.77,35555.64
Austria,2015,0.55,1699.0,"342,083.5",0.896563335260335,0.6,1625.0,47.7,381.25,21.0,56.41,215.22,42052.0
Austria,2016,1.15,3806.0,"355,665.6",0.8915917526553154,1.3,1998.0,44.85,371.5,23.0,62.485,269.27,39789.11
Austria,2017,1.53,5398.0,"367,294.9",2.081269113855855,1.7,3842.0,47.705882352941,267.27272727273,28.0,40.4,221.75,44717.86
Austria,2018,1.99,6774.0,"383,234.3",1.998379814295466,1.8,4079.0,48.714285714286,267.77777777778,29.0,41.2,216.55,46225.88
Austria,2019,2.81,9242.0,"395,706.8",1.530895641526439,1.1,7694.0,57.066666666667,458.92857142857,34.0,69.48,300.68,42237.97
Austria,2020,6.41,15955.0,"380,317.9",1.381910633518592,-1.6,26797.0,39.325301204819,403.16455696203,97.0,57.761445783133,286.2,38311.38
Austria,2021,13.92,33379.0,"406,231.5",2.7666666666667,2.0,39904.0,40.904347826087,493.39130434783,168.0,64.046956521739,308.73,40745.01
Austria,2022,15.7,33768.0,"449,382.2",8.546869931884492,2.7,61393.0,49.314814814815,594.25925925926,253.0,73.787037037037,345.44,43874.27
Austria,2023,19.91,47614.0,"477,837.3",7.814134170028328,0.8,76773.0,70.307692307692,649.23076923077,371.0,79.230769230769,,45999.05
Austria,2024,17.58,44622.0,"494,087.6",2.937915742793849,0.1,102562.0,,,,,,
Belgium,2011,0.05,288.0,"378,745.4",3.532082107227431,1.2,,17.5,175.0,4.0,16.375,95.0,
Belgium,2012,0.12,585.0,"387,934.9",2.83966343445896,0.2,,,,4.0,,95.0,
Belgium,2013,0.1,494.0,"394,616.3",1.113095940275394,-0.2,378.0,48.2,270.0,8.0,32.9,142.22,30469.93
Belgium,2014,0.27,1339.0,"404,958.3",0.3400028333569646,0.4,614.0,22.6,240.0,13.0,33.26,155.77,35555.64
Belgium,2015,0.32,1613.0,"415,538.0",0.5614291527900868,0.8,1437.0,47.7,381.25,21.0,56.41,215.22,42052.0
Belgium,2016,0.41,2216.0,"428,467.1",1.973852646531751,1.3,1620.0,44.85,371.5,23.0,62.485,269.27,39789.11
Belgium,2017,0.53,2945.0,"443,407.2",2.125970860026078,1.5,1789.0,47.705882352941,267.27272727273,28.0,40.4,221.75,44717.86
Belgium,2018,0.72,4041.0,"459,491.8",2.053164998651842,1.5,3038.0,48.714285714286,267.77777777778,29.0,41.2,216.55,46225.88
Belgium,2019,1.59,8886.0,"479,444.9",1.436819569964301,1.6,6558.0,57.066666666667,458.92857142857,34.0,69.48,300.68,42237.97
Belgium,2020,3.48,14996.0,"463,750.9",0.740791812220353,-0.1,28147.0,39.325301204819,403.16455696203,97.0,57.761445783133,286.2,38311.38
Belgium,2021,5.74,21975.0,"506,047.2",2.440248511440835,1.7,43781.0,40.904347826087,493.39130434783,168.0,64.046956521739,308.73,40745.01
Belgium,2022,10.32,37815.0,"561,309.1",9.597511728725014,1.9,72304.0,49.314814814815,594.25925925926,253.0,73.787037037037,345.44,43874.27
Belgium,2023,19.59,93382.0,"602,376.3",4.049010776139445,0.8,147542.0,70.307692307692,649.23076923077,371.0,79.230769230769,,45999.05
Belgium,2024,28.38,127242.0,"620,271.8",3.143491365000369,0.3,263074.0,,,,,,
Bulgaria,2011,0.0,0.0,"81,126.3",4.21990346601874,-2.2,,17.5,175.0,4.0,16.375,95.0,
Bulgaria,2012,0.0,0.0,"82,642.8",2.954568298310172,-2.5,,,,4.0,,95.0,
Bulgaria,2013,,,"82,253.4",0.890093540913077,-0.4,,48.2,270.0,8.0,32.9,142.22,30469.93
Bulgaria,2014,,,"84,147.7",-1.418183802648447,0.4,,22.6,240.0,13.0,33.26,155.77,35555.64
Bulgaria,2015,0.06,10.0,"89,571.4",-0.1046332610083839,0.4,18.0,47.7,381.25,21.0,56.41,215.22,42052.0
Bulgaria,2016,0.05,11.0,"95,349.4",-0.7986498864536767,0.5,22.0,44.85,371.5,23.0,62.485,269.27,39789.11
Bulgaria,2017,0.05,13.0,"102,683.0",2.061596194431412,1.8,94.0,47.705882352941,267.27272727273,28.0,40.4,221.75,44717.86
Bulgaria,2018,0.51,145.0,"109,525.9",2.814544738248301,-0.1,108.0,48.714285714286,267.77777777778,29.0,41.2,216.55,46225.88
Bulgaria,2019,0.57,188.0,"119,685.9",3.103729447967741,-1.5,145.0,57.066666666667,458.92857142857,34.0,69.48,300.68,42237.97
Bulgaria,2020,1.24,277.0,"120,979.0",1.672440968557628,-1.8,609.0,39.325301204819,403.16455696203,97.0,57.761445783133,286.2,38311.38
Bulgaria,2021,2.24,550.0,"139,536.6",3.297744352995085,0.1,1634.0,40.904347826087,493.39130434783,168.0,64.046956521739,308.73,40745.01
Bulgaria,2022,3.56,1021.0,"168,354.3",15.32525892643667,1.1,3322.0,49.314814814815,594.25925925926,253.0,73.787037037037,345.44,43874.27
Bulgaria,2023,4.9,1754.0,"184,875.0",9.442841400885662,1.1,5338.0,70.307692307692,649.23076923077,371.0,79.230769230769,,45999.05
Bulgaria,2024,3.96,1665.0,"204,906.9",2.446519430060781,1.1,10290.0,,,,,,
Croatia,2011,0.0,0.0,"45,178.9",2.272727272727254,-4.0,,17.5,175.0,4.0,16.375,95.0,
Croatia,2012,0.0,0.0,"44,791.5",3.412073490813648,-3.3,,,,4.0,,95.0,
Croatia,2013,,,"45,061.5",2.216582064297766,-3.1,,48.2,270.0,8.0,32.9,142.22,30469.93
Croatia,2014,0.02,14.0,"44,867.9",-0.2151961595762623,2.6,,22.6,240.0,13.0,33.26,155.77,35555.64
Croatia,2015,0.09,70.0,"45,965.7",-0.464499004644924,1.0,77.0,47.7,381.25,21.0,56.41,215.22,42052.0
Croatia,2016,0.05,45.0,"47,565.9",-1.125,-0.5,232.0,44.85,371.5,23.0,62.485,269.27,39789.11
Croatia,2017,0.01,7.0,"49,732.5",1.129372102823444,1.2,436.0,47.705882352941,267.27272727273,28.0,40.4,221.75,44717.86
Croatia,2018,0.09,130.0,"52,216.7",1.500125010417555,0.8,569.0,48.714285714286,267.77777777778,29.0,41.2,216.55,46225.88
Croatia,2019,0.16,240.0,"54,905.5",0.7718203464980374,1.8,146.0,57.066666666667,458.92857142857,34.0,69.48,300.68,42237.97
Croatia,2020,1.48,533.0,"50,744.0",0.154811374562112,-1.4,1148.0,39.325301204819,403.16455696203,97.0,57.761445783133,286.2,38311.38
Croatia,2021,3.01,1351.0,"58,343.1",2.554506996420369,1.6,3514.0,40.904347826087,493.39130434783,168.0,64.046956521739,308.73,40745.01
Croatia,2022,3.04,1305.0,"67,613.0",10.78058067586863,1.9,3725.0,49.314814814815,594.25925925926,253.0,73.787037037037,345.44,43874.27
Croatia,2023,2.87,1617.0,"79,186.3",7.941281775868271,1.7,4792.0,70.307692307692,649.23076923077,371.0,79.230769230769,,45999.05
Croatia,2024,2.76,1793.0,"85,905.2",2.972004776436221,5.6,6380.0,,,,,,
Cyprus,2011,0.0,0.0,"19,858.1",3.28944939564209,0.3,,17.5,175.0,4.0,16.375,95.0,
Cyprus,2012,0.0,0.0,"19,495.4",2.389054100423183,-3.5,,,,4.0,,95.0,
Cyprus,2013,,,"18,040.3",-0.3993576764643791,-5.6,,48.2,270.0,8.0,32.9,142.22,30469.93
Cyprus,2014,,,"17,482.8",-1.354988854463165,-2.0,,22.6,240.0,13.0,33.26,155.77,35555.64
Cyprus,2015,,,"17,944.2",-2.096997690531131,1.6,,47.7,381.25,21.0,56.41,215.22,42052.0
Cyprus,2016,0.17,21.0,"19,013.8",-1.42916666666665,4.7,36.0,44.85,371.5,23.0,62.485,269.27,39789.11
Cyprus,2017,0.37,49.0,"20,312.4",0.5317664961744768,5.4,36.0,47.705882352941,267.27272727273,28.0,40.4,221.75,44717.86
Cyprus,2018,0.28,37.0,"21,807.8",1.435491195317625,6.0,36.0,48.714285714286,267.77777777778,29.0,41.2,216.55,46225.88
Cyprus,2019,0.5,63.0,"23,400.9",0.2503709967584749,4.8,36.0,57.066666666667,458.92857142857,34.0,69.48,300.68,42237.97
Cyprus,2020,0.42,42.0,"22,373.6",-0.6384227979789451,-0.4,131.0,39.325301204819,403.16455696203,97.0,57.761445783133,286.2,38311.38
Cyprus,2021,0.75,80.0,"25,679.9",2.446088671754743,2.9,207.0,40.904347826087,493.39130434783,168.0,64.046956521739,308.73,40745.01
Cyprus,2022,3.1,361.0,"29,645.4",8.395482979933316,4.0,269.0,49.314814814815,594.25925925926,253.0,73.787037037037,345.44,43874.27
Cyprus,2023,5.39,796.0,"32,439.2",3.541341887516581,2.9,992.0,70.307692307692,649.23076923077,371.0,79.230769230769,,45999.05
Cyprus,2024,7.92,1193.0,"34,770.2",1.800230186248181,2.0,1793.0,,,,,,
Czech Republic,2011,0.03,56.0,"4,095,355.0",1.91721913635551,-0.5,,17.5,175.0,4.0,16.375,95.0,
Czech Republic,2012,0.05,92.0,"4,118,386.0",3.287623066104061,0.5,50.0,,,4.0,,95.0,
Czech Republic,2013,0.02,33.0,"4,169,011.0",1.438297872340443,0.4,128.0,48.2,270.0,8.0,32.9,142.22,30469.93
Czech Republic,2014,0.03,58.0,"4,377,991.0",0.3439885896467657,0.5,164.0,22.6,240.0,13.0,33.26,155.77,35555.64
Czech Republic,2015,0.14,312.0,"4,651,813.0",0.3093645484950001,1.4,320.0,47.7,381.25,21.0,56.41,215.22,42052.0
Czech Republic,2016,0.08,210.0,"4,843,030.0",0.6835042093856464,1.0,435.0,44.85,371.5,23.0,62.485,269.27,39789.11
Czech Republic,2017,0.14,376.0,"5,179,344.0",2.450533984601408,1.3,543.0,47.705882352941,267.27272727273,28.0,40.4,221.75,44717.86
Czech Republic,2018,0.28,731.0,"5,475,773.0",2.149494949494982,1.2,685.0,48.714285714286,267.77777777778,29.0,41.2,216.55,46225.88
Czech Republic,2019,0.31,778.0,"5,888,869.0",2.847875959180444,-0.1,287.0,57.066666666667,458.92857142857,34.0,69.48,300.68,42237.97
Czech Republic,2020,1.61,3264.0,"5,828,318.0",3.161295284978078,-2.3,3002.0,39.325301204819,403.16455696203,97.0,57.761445783133,286.2,38311.38
Czech Republic,2021,1.28,2644.0,"6,307,755.0",3.83984491500143,1.0,5825.0,40.904347826087,493.39130434783,168.0,64.046956521739,308.73,40745.01
Czech Republic,2022,2.05,3930.0,"7,049,872.0",15.10016514683717,1.0,12158.0,49.314814814815,594.25925925926,253.0,73.787037037037,345.44,43874.27
Czech Republic,2023,3.39,7504.0,"7,659,655.0",10.66126013724261,1.6,17173.0,70.307692307692,649.23076923077,371.0,79.230769230769,,45999.05
Czech Republic,2024,4.7,10876.0,"8,057,032.0",2.43531202435312,0.6,21928.0,,,,,,
Denmark,2011,0.24,415.0,"1,848,531.1",2.758682260512422,-0.1,,17.5,175.0,4.0,16.375,95.0,
Denmark,2012,0.28,471.0,"1,892,938.0",2.397914856646426,-0.7,452.0,,,4.0,,95.0,
Denmark,2013,0.28,497.0,"1,935,555.2",0.7890717800780586,0.0,552.0,48.2,270.0,8.0,32.9,142.22,30469.93
Denmark,2014,0.83,1569.0,"1,980,261.2",0.5640205404495192,0.6,954.0,22.6,240.0,13.0,33.26,155.77,35555.64
Denmark,2015,2.0,4133.0,"2,030,205.9",0.4520341536915922,1.5,1392.0,47.7,381.25,21.0,56.41,215.22,42052.0
Denmark,2016,0.55,1219.0,"2,101,520.3",0.2500000000000201,1.6,2516.0,44.85,371.5,23.0,62.485,269.27,39789.11
Denmark,2017,0.32,710.0,"2,189,589.4",1.14713216957606,1.5,2600.0,47.705882352941,267.27272727273,28.0,40.4,221.75,44717.86
Denmark,2018,0.69,1502.0,"2,243,542.2",0.8136094674556213,1.5,2674.0,48.714285714286,267.77777777778,29.0,41.2,216.55,46225.88
Denmark,2019,2.43,5487.0,"2,303,636.7",0.7581315725116164,1.4,2776.0,57.066666666667,458.92857142857,34.0,69.48,300.68,42237.97
Denmark,2020,7.16,14185.0,"2,326,592.3",0.4207119741100971,-1.1,11341.0,39.325301204819,403.16455696203,97.0,57.761445783133,286.2,38311.38
Denmark,2021,13.4,24832.0,"2,553,260.5",1.853045439896808,2.3,19182.0,40.904347826087,493.39130434783,168.0,64.046956521739,308.73,40745.01
Denmark,2022,20.71,30718.0,"2,831,269.6",7.696566998892644,4.0,38234.0,49.314814814815,594.25925925926,253.0,73.787037037037,345.44,43874.27
Denmark,2023,36.24,62618.0,"2,787,929.9",3.305178112376054,1.1,72581.0,70.307692307692,649.23076923077,371.0,79.230769230769,,45999.05
Denmark,2024,51.72,89568.0,"2,926,877.8",1.372200497689185,0.7,122910.0,,,,,,
Estonia,2011,0.33,56.0,"16,741.9",4.981901314536063,6.5,,17.5,175.0,4.0,16.375,95.0,
Estonia,2012,2.61,506.0,"18,086.6",3.93339987296984,1.6,160.0,,,4.0,,95.0,
Estonia,2013,0.59,116.0,"19,163.2",2.78056658954994,1.2,160.0,48.2,270.0,8.0,32.9,142.22,30469.93
Estonia,2014,1.5,316.0,"20,365.6",-0.1061751465216852,0.8,178.0,22.6,240.0,13.0,33.26,155.77,35555.64
Estonia,2015,0.18,37.0,"21,010.9",-0.4923260065473915,2.9,189.0,47.7,381.25,21.0,56.41,215.22,42052.0
Estonia,2016,0.21,49.0,"22,189.0",0.1486849076273649,0.3,360.0,44.85,371.5,23.0,62.485,269.27,39789.11
Estonia,2017,0.1,26.0,"24,316.1",3.417235494880547,2.7,370.0,47.705882352941,267.27272727273,28.0,40.4,221.75,44717.86
Estonia,2018,0.38,100.0,"26,438.5",3.436326884204464,0.9,378.0,48.714285714286,267.77777777778,29.0,41.2,216.55,46225.88
Estonia,2019,0.29,80.0,"28,472.1",2.277259312435176,1.3,376.0,57.066666666667,458.92857142857,34.0,69.48,300.68,42237.97
Estonia,2020,1.92,360.0,"27,859.3",-0.4445310976798129,-2.7,202.0,39.325301204819,403.16455696203,97.0,57.761445783133,286.2,38311.38
Estonia,2021,2.25,503.0,"31,453.3",4.653166738474747,0.1,234.0,40.904347826087,493.39130434783,168.0,64.046956521739,308.73,40745.01
Estonia,2022,3.3,712.0,"36,300.9",19.39826340806164,4.6,455.0,49.314814814815,594.25925925926,253.0,73.787037037037,345.44,43874.27
Estonia,2023,6.39,1458.0,"38,353.4",9.15922507983982,3.2,1104.0,70.307692307692,649.23076923077,371.0,79.230769230769,,45999.05
Estonia,2024,5.2,1320.0,"39,847.7",3.520560532965817,0.2,3366.0,,,,,,
Finland,2011,0.02,29.0,"197,655.0",3.4168075425521,1.5,,17.5,175.0,4.0,16.375,95.0,
Finland,2012,0.05,51.0,"200,378.0",2.808336225615751,0.6,,,,4.0,,95.0,
Finland,2013,0.05,48.0,"203,497.0",1.478286156888081,-0.8,267.0,48.2,270.0,8.0,32.9,142.22,30469.93
Finland,2014,0.17,183.0,"205,855.0",1.041196211784392,-0.5,405.0,22.6,240.0,13.0,33.26,155.77,35555.64
Finland,2015,0.22,236.0,"210,192.0",-0.2079288399052519,0.3,888.0,47.7,381.25,21.0,56.41,215.22,42052.0
Finland,2016,0.19,231.0,"215,717.0",0.3566845008917245,0.6,897.0,44.85,371.5,23.0,62.485,269.27,39789.11
Finland,2017,0.44,517.0,"224,706.0",0.7540150470843531,0.6,947.0,47.705882352941,267.27272727273,28.0,40.4,221.75,44717.86
Finland,2018,0.67,807.0,"231,905.0",1.083820984093036,2.6,927.0,48.714285714286,267.77777777778,29.0,41.2,216.55,46225.88
Finland,2019,1.66,1897.0,"238,518.0",1.024093929634245,1.5,2593.0,57.066666666667,458.92857142857,34.0,69.48,300.68,42237.97
Finland,2020,4.4,4244.0,"236,387.0",0.2905545556533039,-2.3,11232.0,39.325301204819,403.16455696203,97.0,57.761445783133,286.2,38311.38
Finland,2021,10.31,10151.0,"248,764.0",2.194574323400038,2.3,16646.0,40.904347826087,493.39130434783,168.0,64.046956521739,308.73,40745.01
Finland,2022,17.79,14529.0,"266,135.0",7.123507733014013,3.5,20172.0,49.314814814815,594.25925925926,253.0,73.787037037037,345.44,43874.27
Finland,2023,33.91,29671.0,"272,848.0",6.250643221547617,0.9,38263.0,70.307692307692,649.23076923077,371.0,79.230769230769,,45999.05
Finland,2024,29.53,21868.0,"275,963.0",1.565689062316196,-1.1,57625.0,,,,,,
France,2011,0.12,2630.0,"2,062,141.4",2.111597951749987,0.8,,17.5,175.0,4.0,16.375,95.0,
France,2012,0.3,5663.0,"2,088,286.7",1.954195316135015,0.4,809.0,,,4.0,,95.0,
France,2013,0.49,8583.0,"2,120,351.9",0.8637154978618733,0.2,1802.0,48.2,270.0,8.0,32.9,142.22,30469.93
France,2014,0.63,11139.0,"2,153,733.1",0.5077588229379629,0.5,1834.0,22.6,240.0,13.0,33.26,155.77,35555.64
France,2015,0.94,17741.0,"2,201,401.6",0.0375143805125298,0.3,10665.0,47.7,381.25,21.0,56.41,215.22,42052.0
France,2016,1.16,23011.0,"2,231,819.2",0.1833348611238293,0.7,14987.0,44.85,371.5,23.0,62.485,269.27,39789.11
France,2017,1.27,26509.0,"2,291,680.5",1.03228275064667,1.2,22011.0,47.705882352941,267.27272727273,28.0,40.4,221.75,44717.86
France,2018,1.51,32209.0,"2,355,362.8",1.850815083155015,1.0,24850.0,48.714285714286,267.77777777778,29.0,41.2,216.55,46225.88
France,2019,1.98,42933.0,"2,432,206.8",1.108254922882918,1.2,25075.0,57.066666666667,458.92857142857,34.0,69.48,300.68,42237.97
France,2020,6.72,110909.0,"2,318,276.2",0.4764988527250138,-0.1,0.0,39.325301204819,403.16455696203,97.0,57.761445783133,286.2,38311.38
France,2021,9.77,162105.0,"2,508,102.3",1.642331410383928,2.6,105567.0,40.904347826087,493.39130434783,168.0,64.046956521739,308.73,40745.01
France,2022,13.27,202868.0,"2,653,997.2",5.222367483697355,2.3,280632.0,49.314814814815,594.25925925926,253.0,73.787037037037,345.44,43874.27
France,2023,16.73,296902.0,"2,826,541.5",4.878357265084381,1.1,430395.0,70.307692307692,649.23076923077,371.0,79.230769230769,,45999.05
France,2024,16.92,290748.0,"2,919,899.9",1.99904942291464,0.8,571796.0,,,,,,
Germany,2011,0.06,1828.0,"2,746,910.0",2.075172837358742,1.1,,17.5,175.0,4.0,16.375,95.0,
Germany,2012,0.08,2555.0,"2,799,280.0",2.008488847829526,1.2,1518.0,,,4.0,,95.0,
Germany,2013,0.18,5434.0,"2,866,480.0",1.504723302518823,0.7,2447.0,48.2,270.0,8.0,32.9,142.22,30469.93
Germany,2014,0.3,9141.0,"2,984,470.0",0.9067940004342138,0.9,2941.0,22.6,240.0,13.0,33.26,155.77,35555.64
Germany,2015,0.42,13369.0,"3,087,030.0",0.5144261371254552,0.9,5571.0,47.7,381.25,21.0,56.41,215.22,42052.0
Germany,2016,0.38,12415.0,"3,195,210.0",0.4917470084452129,1.3,15730.0,44.85,371.5,23.0,62.485,269.27,39789.11
Germany,2017,0.75,25764.0,"3,333,110.0",1.509494851096218,1.4,25373.0,47.705882352941,267.27272727273,28.0,40.4,221.75,44717.86
Germany,2018,1.06,36533.0,"3,434,030.0",1.732168797669476,1.3,27459.0,48.714285714286,267.77777777778,29.0,41.2,216.55,46225.88
Germany,2019,1.7,61415.0,"3,537,280.0",1.445659768882532,0.9,38888.0,57.066666666667,458.92857142857,34.0,69.48,300.68,42237.97
Germany,2020,6.56,191330.0,"3,450,720.0",0.1448779258139629,-0.7,150624.0,39.325301204819,403.16455696203,97.0,57.761445783133,286.2,38311.38
Germany,2021,13.4,351332.0,"3,682,340.0",3.0666666666667,0.2,204664.0,40.904347826087,493.39130434783,168.0,64.046956521739,308.73,40745.01
Germany,2022,17.51,464322.0,"3,989,390.0",6.872574385510962,1.3,291730.0,49.314814814815,594.25925925926,253.0,73.787037037037,345.44,43874.27
Germany,2023,18.28,520074.0,"4,219,310.0",5.946436677258284,0.7,405023.0,70.307692307692,649.23076923077,371.0,79.230769230769,,45999.05
Germany,2024,13.47,379472.0,"4,328,970.0",2.256498143387575,0.1,581995.0,,,,,,
Greece,2011,0.0,0.0,"203,475.0",3.329853233506451,-4.3,,17.5,175.0,4.0,16.375,95.0,
Greece,2012,0.0,1.0,"185,899.2",1.501526961777553,-4.0,,,,4.0,,95.0,
Greece,2013,0.01,3.0,"178,113.9",-0.9212694542569306,-0.6,,48.2,270.0,8.0,32.9,142.22,30469.93
Greece,2014,0.06,44.0,"176,071.8",-1.312260964055098,3.6,2.0,22.6,240.0,13.0,33.26,155.77,35555.64
Greece,2015,0.06,43.0,"175,362.9",-1.735888047652836,-2.9,33.0,47.7,381.25,21.0,56.41,215.22,42052.0
Greece,2016,0.04,28.0,"174,448.2",-0.8256539783909728,3.4,33.0,44.85,371.5,23.0,62.485,269.27,39789.11
Greece,2017,0.07,58.0,"177,378.5",1.121254520314196,-0.5,38.0,47.705882352941,267.27272727273,28.0,40.4,221.75,44717.86
Greece,2018,0.1,108.0,"180,615.7",0.6256214134536086,4.6,50.0,48.714285714286,267.77777777778,29.0,41.2,216.55,46225.88
Greece,2019,0.17,190.0,"185,181.2",0.2530075220381911,2.2,203.0,57.066666666667,458.92857142857,34.0,69.48,300.68,42237.97
Greece,2020,0.84,678.0,"167,539.5",-1.247983555814084,-2.6,814.0,39.325301204819,403.16455696203,97.0,57.761445783133,286.2,38311.38
Greece,2021,2.1,2120.0,"184,574.6",1.223825010198541,5.1,1950.0,40.904347826087,493.39130434783,168.0,64.046956521739,308.73,40745.01
Greece,2022,2.51,2644.0,"207,008.7",9.645259812806383,3.5,3051.0,49.314814814815,594.25925925926,253.0,73.787037037037,345.44,43874.27
Greece,2023,4.5,6050.0,"224,686.2",3.464801285134019,2.0,8952.0,70.307692307692,649.23076923077,371.0,79.230769230769,,45999.05
Greece,2024,5.92,8707.0,"236,736.0",2.741490457886056,0.9,24539.0,,,,,,
Hungary,2011,0.02,9.0,"28,492,068.0",3.929920989350683,-0.1,,17.5,175.0,4.0,16.375,95.0,
Hungary,2012,0.02,8.0,"28,919,193.0",5.652145170886496,0.9,1.0,,,4.0,,95.0,
Hungary,2013,0.02,14.0,"30,343,344.0",1.733199849831035,1.5,63.0,48.2,270.0,8.0,32.9,142.22,30469.93
Hungary,2014,0.04,29.0,"32,826,770.0",-0.2275662709882774,4.4,123.0,22.6,240.0,13.0,33.26,155.77,35555.64
Hungary,2015,0.25,195.0,"34,984,755.0",-0.0616446800641597,2.5,180.0,47.7,381.25,21.0,56.41,215.22,42052.0
Hungary,2016,0.24,232.0,"36,311,882.0",0.3947693066863805,3.3,205.0,44.85,371.5,23.0,62.485,269.27,39789.11
Hungary,2017,0.62,725.0,"39,335,929.0",2.348242811501598,1.8,272.0,47.705882352941,267.27272727273,28.0,40.4,221.75,44717.86
Hungary,2018,0.94,1287.0,"43,553,984.0",2.850247925946405,2.0,595.0,48.714285714286,267.77777777778,29.0,41.2,216.55,46225.88
Hungary,2019,1.16,1833.0,"47,940,496.0",3.338586353820137,1.2,410.0,57.066666666667,458.92857142857,34.0,69.48,300.68,42237.97
Hungary,2020,2.32,2975.0,"48,807,766.0",3.326743857667302,-2.0,3205.0,39.325301204819,403.16455696203,97.0,57.761445783133,286.2,38311.38
Hungary,2021,3.54,4312.0,"55,560,466.0",5.1109653438286,2.4,7398.0,40.904347826087,493.39130434783,168.0,64.046956521739,308.73,40745.01
Hungary,2022,4.22,4710.0,"65,950,424.0",14.60814394924331,1.6,12637.0,49.314814814815,594.25925925926,253.0,73.787037037037,345.44,43874.27
Hungary,2023,5.66,6090.0,"75,292,668.0",17.12496596787367,0.7,13285.0,70.307692307692,649.23076923077,371.0,79.230769230769,,45999.05
Hungary,2024,7.04,8565.0,"81,447,664.0",3.703703703703673,0.0,15603.0,,,,,,
Ireland,2011,0.05,46.0,"173,120.4",2.548978302085532,-1.9,,17.5,175.0,4.0,16.375,95.0,
Ireland,2012,0.17,139.0,"176,621.9",1.694741166803616,-0.4,246.0,,,4.0,,95.0,
Ireland,2013,0.22,167.0,"182,908.6",0.5150994849005515,2.9,551.0,48.2,270.0,8.0,32.9,142.22,30469.93
Ireland,2014,0.27,224.0,"200,594.9",0.1909163987138223,2.6,764.0,22.6,240.0,13.0,33.26,155.77,35555.64
Ireland,2015,0.38,489.0,"272,282.9",-0.3309597833717781,3.5,838.0,47.7,381.25,21.0,56.41,215.22,42052.0
Ireland,2016,0.28,420.0,"275,933.1",0.0201247735962648,3.8,993.0,44.85,371.5,23.0,62.485,269.27,39789.11
Ireland,2017,0.47,627.0,"308,366.0",0.3621730382294125,3.1,1044.0,47.705882352941,267.27272727273,28.0,40.4,221.75,44717.86
Ireland,2018,0.97,1248.0,"335,136.0",0.4711307137128908,3.0,1057.0,48.714285714286,267.77777777778,29.0,41.2,216.55,46225.88
Ireland,2019,2.74,3455.0,"363,752.6",0.9378429611892846,3.1,1145.0,57.066666666667,458.92857142857,34.0,69.48,300.68,42237.97
Ireland,2020,4.46,4010.0,"381,728.7",-0.3261836512800592,-2.5,3900.0,39.325301204819,403.16455696203,97.0,57.761445783133,286.2,38311.38
Ireland,2021,8.32,8703.0,"448,445.1",2.340341134470464,6.6,3693.0,40.904347826087,493.39130434783,168.0,64.046956521739,308.73,40745.01
Ireland,2022,14.91,15706.0,"520,718.4",7.82945736434107,6.9,6207.0,49.314814814815,594.25925925926,253.0,73.787037037037,345.44,43874.27
Ireland,2023,18.77,22869.0,"524,728.8",6.299424874191223,3.5,10475.0,70.307692307692,649.23076923077,371.0,79.230769230769,,45999.05
Ireland,2024,14.39,17459.0,"562,794.2",2.113449995773188,2.7,12933.0,,,,,,
Italy,2011,0.01,117.0,"1,657,362.2",2.780632728793267,0.2,,17.5,175.0,4.0,16.375,95.0,
Italy,2012,0.04,507.0,"1,632,898.5",3.041363332267728,-0.3,1351.0,,,4.0,,95.0,
Italy,2013,0.06,846.0,"1,621,260.7",1.219993422743025,-1.8,1356.0,48.2,270.0,8.0,32.9,142.22,30469.93
Italy,2014,0.08,1155.0,"1,635,870.7",0.2410474298267941,0.0,1363.0,22.6,240.0,13.0,33.26,155.77,35555.64
Italy,2015,0.1,1576.0,"1,663,277.7",0.0387903996579146,0.7,1749.0,47.7,381.25,21.0,56.41,215.22,42052.0
Italy,2016,0.08,1497.0,"1,704,856.7",-0.094016656915686,1.4,2071.0,44.85,371.5,23.0,62.485,269.27,39789.11
Italy,2017,0.11,2109.0,"1,744,493.0",1.226533166458052,1.2,2885.0,47.705882352941,267.27272727273,28.0,40.4,221.75,44717.86
Italy,2018,0.27,5155.0,"1,777,744.4",1.137487636003956,1.0,3562.0,48.714285714286,267.77777777778,29.0,41.2,216.55,46225.88
Italy,2019,0.55,10718.0,"1,804,066.8",0.6112469437652812,0.6,7562.0,57.066666666667,458.92857142857,34.0,69.48,300.68,42237.97
Italy,2020,2.35,32477.0,"1,670,011.9",-0.1377075739165006,-2.0,37379.0,39.325301204819,403.16455696203,97.0,57.761445783133,286.2,38311.38
Italy,2021,4.62,67356.0,"1,842,507.4",1.87378325762482,1.0,72042.0,40.904347826087,493.39130434783,168.0,64.046956521739,308.73,40745.01
Italy,2022,3.75,49407.0,"1,998,072.6",8.201289911617138,1.9,104936.0,49.314814814815,594.25925925926,253.0,73.787037037037,345.44,43874.27
Italy,2023,4.23,66294.0,"2,142,601.7",5.622194421959058,2.1,152565.0,70.307692307692,649.23076923077,371.0,79.230769230769,,45999.05
Italy,2024,4.25,66227.0,"2,199,619.4",0.9823730230613804,1.6,203138.0,,,,,,
Latvia,2011,0.0,0.0,"19,117.3",4.370735599392236,1.5,,17.5,175.0,4.0,16.375,95.0,
Latvia,2012,0.06,6.0,"21,104.3",2.257789243745899,1.4,,,,4.0,,95.0,
Latvia,2013,,,"21,956.2",-0.0294547782578811,2.3,,48.2,270.0,8.0,32.9,142.22,30469.93
Latvia,2014,1.2,158.0,"22,790.5",0.6204906367323839,-1.4,13.0,22.6,240.0,13.0,33.26,155.77,35555.64
Latvia,2015,0.12,17.0,"23,744.3",0.1742422436252117,1.4,68.0,47.7,381.25,21.0,56.41,215.22,42052.0
Latvia,2016,0.11,19.0,"24,498.2",0.1406333345052945,-0.3,72.0,44.85,371.5,23.0,62.485,269.27,39789.11
Latvia,2017,0.36,62.0,"26,017.1",2.930363123746697,0.0,73.0,47.705882352941,267.27272727273,28.0,40.4,221.75,44717.86
Latvia,2018,0.76,130.0,"28,153.4",2.534454241865939,2.0,296.0,48.714285714286,267.77777777778,29.0,41.2,216.55,46225.88
Latvia,2019,0.64,118.0,"29,567.0",2.811409200756192,2.0,226.0,57.066666666667,458.92857142857,34.0,69.48,300.68,42237.97
Latvia,2020,2.14,297.0,"29,224.3",0.2190649048421137,-0.7,744.0,39.325301204819,403.16455696203,97.0,57.761445783133,286.2,38311.38
Latvia,2021,2.94,421.0,"32,283.8",3.275829374311562,-1.3,1223.0,40.904347826087,493.39130434783,168.0,64.046956521739,308.73,40745.01
Latvia,2022,6.38,1068.0,"36,088.7",17.3102830198815,0.2,1816.0,49.314814814815,594.25925925926,253.0,73.787037037037,345.44,43874.27
Latvia,2023,9.48,1800.0,"39,564.2",8.938046233166386,1.8,2034.0,70.307692307692,649.23076923077,371.0,79.230769230769,,45999.05
Latvia,2024,7.52,1293.0,"40,359.4",1.265798858287292,-1.5,3751.0,,,,,,
Lithuania,2011,0.0,0.0,"31,066.4",4.130275626450858,0.5,,17.5,175.0,4.0,16.375,95.0,
Lithuania,2012,0.0,0.0,"33,240.4",3.08998277055415,1.9,,,,4.0,,95.0,
Lithuania,2013,,,"34,874.0",1.047479370653487,1.4,,48.2,270.0,8.0,32.9,142.22,30469.93
Lithuania,2014,,,"36,410.1",0.1037580094337189,2.0,10.0,22.6,240.0,13.0,33.26,155.77,35555.64
Lithuania,2015,0.01,15.0,"37,440.7",-0.884097405500606,1.4,18.0,47.7,381.25,21.0,56.41,215.22,42052.0
Lithuania,2016,0.04,60.0,"38,820.7",0.9055250754603428,2.3,26.0,44.85,371.5,23.0,62.485,269.27,39789.11
Lithuania,2017,0.03,49.0,"42,274.6",3.722888623037065,-0.7,102.0,47.705882352941,267.27272727273,28.0,40.4,221.75,44717.86
Lithuania,2018,0.09,152.0,"45,947.4",2.697927792083923,1.4,153.0,48.714285714286,267.77777777778,29.0,41.2,216.55,46225.88
Lithuania,2019,0.1,169.0,"49,239.2",2.334509379880277,0.5,146.0,57.066666666667,458.92857142857,34.0,69.48,300.68,42237.97
Lithuania,2020,1.13,453.0,"50,264.6",1.199894449835678,-1.6,468.0,39.325301204819,403.16455696203,97.0,57.761445783133,286.2,38311.38
Lithuania,2021,3.61,1134.0,"56,709.1",4.683544209034547,1.3,503.0,40.904347826087,493.39130434783,168.0,64.046956521739,308.73,40745.01
Lithuania,2022,5.16,1318.0,"67,081.1",19.70504615183938,5.0,1066.0,49.314814814815,594.25925925926,253.0,73.787037037037,345.44,43874.27
Lithuania,2023,7.4,2034.0,"74,317.0",9.117319623904732,1.4,3837.0,70.307692307692,649.23076923077,371.0,79.230769230769,,45999.05
Lithuania,2024,6.65,2003.0,"78,996.2",0.7157358352286965,1.5,9864.0,,,,,,
Luxembourg,2011,0.06,31.0,"44,323.5",3.410683410683419,3.0,,17.5,175.0,4.0,16.375,95.0,
Luxembourg,2012,0.12,61.0,"46,526.2",2.662841655080202,2.4,1.0,,,4.0,,95.0,
Luxembourg,2013,,,"49,094.5",1.734039635191627,1.8,2.0,48.2,270.0,8.0,32.9,142.22,30469.93
Luxembourg,2014,0.05,25.0,"51,791.3",0.6285439854407106,2.5,72.0,22.6,240.0,13.0,33.26,155.77,35555.64
Luxembourg,2015,0.1,45.0,"54,142.3",0.4747431614377936,2.6,211.0,47.7,381.25,21.0,56.41,215.22,42052.0
Luxembourg,2016,0.32,162.0,"56,208.1",0.2908333333333,3.0,212.0,44.85,371.5,23.0,62.485,269.27,39789.11
Luxembourg,2017,0.7,371.0,"58,168.8",1.730799591188926,3.5,335.0,47.705882352941,267.27272727273,28.0,40.4,221.75,44717.86
Luxembourg,2018,0.93,492.0,"60,193.4",1.52819524307374,3.5,841.0,48.714285714286,267.77777777778,29.0,41.2,216.55,46225.88
Luxembourg,2019,1.87,1012.0,"62,415.0",1.743320756538523,3.6,880.0,57.066666666667,458.92857142857,34.0,69.48,300.68,42237.97
Luxembourg,2020,5.59,2525.0,"64,499.2",0.819957302127018,1.8,3824.0,39.325301204819,403.16455696203,97.0,57.761445783133,286.2,38311.38
Luxembourg,2021,10.56,4686.0,"73,039.5",2.526920090661688,2.9,5194.0,40.904347826087,493.39130434783,168.0,64.046956521739,308.73,40745.01
Luxembourg,2022,15.82,6658.0,"76,731.2",6.336008077779127,3.3,6335.0,49.314814814815,594.25925925926,253.0,73.787037037037,345.44,43874.27
Luxembourg,2023,23.15,11380.0,"82,115.5",3.741403619831411,1.9,9542.0,70.307692307692,649.23076923077,371.0,79.230769230769,,45999.05
Luxembourg,2024,27.37,12778.0,"86,180.3",2.051132699548584,1.0,9406.0,,,,,,
Malta,2011,,0.0,"7,032.8",2.962985281928781,2.4,,17.5,175.0,4.0,16.375,95.0,
Malta,2012,,1.0,"7,479.5",2.375820577603824,2.1,,,,4.0,,95.0,
Malta,2013,,,"8,129.4",1.180284363665508,4.5,,48.2,270.0,8.0,32.9,142.22,30469.93
Malta,2014,,,"8,948.5",0.3103064721817197,4.1,26.0,22.6,240.0,13.0,33.26,155.77,35555.64
Malta,2015,,,"10,221.4",1.100548263789282,4.1,36.0,47.7,381.25,21.0,56.41,215.22,42052.0
Malta,2016,,,"10,864.3",0.6427027715273022,5.8,36.0,44.85,371.5,23.0,62.485,269.27,39789.11
Malta,2017,0.62,48.0,"12,535.7",1.364354481507082,4.8,97.0,47.705882352941,267.27272727273,28.0,40.4,221.75,44717.86
Malta,2018,2.2,180.0,"13,678.6",1.157823624515123,6.9,100.0,48.714285714286,267.77777777778,29.0,41.2,216.55,46225.88
Malta,2019,3.66,282.0,"14,594.2",1.642060017689467,6.1,102.0,57.066666666667,458.92857142857,34.0,69.48,300.68,42237.97
Malta,2020,1.23,137.0,"14,362.4",0.6385449567766467,3.2,390.0,39.325301204819,403.16455696203,97.0,57.761445783133,286.2,38311.38
Malta,2021,1.5,155.0,"16,689.9",1.497892179347314,3.0,386.0,40.904347826087,493.39130434783,168.0,64.046956521739,308.73,40745.01
Malta,2022,1.94,186.0,"17,974.7",6.153756219330356,5.1,297.0,49.314814814815,594.25925925926,253.0,73.787037037037,345.44,43874.27
Malta,2023,14.95,982.0,"20,911.2",5.093967589788786,6.8,332.0,70.307692307692,649.23076923077,371.0,79.230769230769,,45999.05
Malta,2024,38.78,3036.0,"23,071.0",1.650794692831084,5.0,427.0,,,,,,
Netherlands,2011,0.15,849.0,"656,013.0",2.34107017751372,0.8,,17.5,175.0,4.0,16.375,95.0,
Netherlands,2012,0.16,828.0,"658,232.0",2.455547652916089,-0.3,2803.0,,,4.0,,95.0,
Netherlands,2013,0.75,3118.0,"665,567.0",2.506898526578851,-1.2,5878.0,48.2,270.0,8.0,32.9,142.22,30469.93
Netherlands,2014,0.84,3238.0,"678,627.0",0.9760350796996724,-0.1,12033.0,22.6,240.0,13.0,33.26,155.77,35555.64
Netherlands,2015,0.85,3797.0,"699,175.0",0.6002481472787464,0.8,18139.0,47.7,381.25,21.0,56.41,215.22,42052.0
Netherlands,2016,1.05,4025.0,"720,175.0",0.3166666666667,1.5,25695.0,44.85,371.5,23.0,62.485,269.27,39789.11
Netherlands,2017,1.92,7961.0,"750,861.0",1.381458714072071,2.3,33633.0,47.705882352941,267.27272727273,28.0,40.4,221.75,44717.86
Netherlands,2018,5.42,24033.0,"787,273.0",1.703497947444753,2.7,37037.0,48.714285714286,267.77777777778,29.0,41.2,216.55,46225.88
Netherlands,2019,13.86,61696.0,"829,767.0",2.633699102495964,2.3,46617.0,57.066666666667,458.92857142857,34.0,69.48,300.68,42237.97
Netherlands,2020,20.43,73129.0,"816,463.0",1.272460377891656,-0.5,224164.0,39.325301204819,403.16455696203,97.0,57.761445783133,286.2,38311.38
Netherlands,2021,19.89,64419.0,"891,550.0",2.675720088053855,1.7,313050.0,40.904347826087,493.39130434783,168.0,64.046956521739,308.73,40745.01
Netherlands,2022,23.32,73126.0,"993,820.0",10.00120787534726,3.2,403405.0,49.314814814815,594.25925925926,253.0,73.787037037037,345.44,43874.27
Netherlands,2023,30.52,113587.0,"1,050,133.0",3.838393543428104,1.7,558810.0,70.307692307692,649.23076923077,371.0,79.230769230769,,45999.05
Netherlands,2024,34.45,132166.0,"1,122,459.0",3.347543042199504,1.0,675302.0,,,,,,
Poland,2011,0.01,35.0,"1,563,935.0",4.239401496259383,0.6,,17.5,175.0,4.0,16.375,95.0,
Poland,2012,0.01,19.0,"1,622,242.0",3.560371517027893,0.1,,,,4.0,,95.0,
Poland,2013,0.01,26.0,"1,637,768.0",0.9919826063324092,-0.1,4.0,48.2,270.0,8.0,32.9,142.22,30469.93
Poland,2014,0.03,92.0,"1,710,185.0",0.0538213132399892,1.7,119.0,22.6,240.0,13.0,33.26,155.77,35555.64
Poland,2015,0.03,112.0,"1,809,564.0",-0.8741258741258475,1.5,298.0,47.7,381.25,21.0,56.41,215.22,42052.0
Poland,2016,0.04,157.0,"1,865,960.0",-0.6647673314339438,0.8,324.0,44.85,371.5,23.0,62.485,269.27,39789.11
Poland,2017,0.1,508.0,"1,996,836.0",2.075935536738486,1.3,552.0,47.705882352941,267.27272727273,28.0,40.4,221.75,44717.86
Poland,2018,0.13,694.0,"2,147,587.0",1.812951565426867,0.5,836.0,48.714285714286,267.77777777778,29.0,41.2,216.55,46225.88
Poland,2019,0.26,1464.0,"2,313,929.0",2.227478809383008,2.4,262.0,57.066666666667,458.92857142857,34.0,69.48,300.68,42237.97
Poland,2020,0.86,3673.0,"2,362,909.0",3.374469726185885,0.2,3050.0,39.325301204819,403.16455696203,97.0,57.761445783133,286.2,38311.38
Poland,2021,1.6,7167.0,"2,661,518.0",5.055027047192688,2.9,10794.0,40.904347826087,493.39130434783,168.0,64.046956521739,308.73,40745.01
Poland,2022,2.69,11278.0,"3,100,850.0",14.42945075757578,1.1,11542.0,49.314814814815,594.25925925926,253.0,73.787037037037,345.44,43874.27
Poland,2023,3.6,17083.0,"3,415,274.0",11.52891279611048,0.1,20247.0,70.307692307692,649.23076923077,371.0,79.230769230769,,45999.05
Poland,2024,3.0,16564.0,"3,653,432.0",3.784260075128692,-0.7,32839.0,,,,,,
Portugal,2011,0.13,201.0,"176,318.0",3.653011004307283,-1.9,,17.5,175.0,4.0,16.375,95.0,
Portugal,2012,0.07,64.0,"168,538.8",2.773338540515819,-4.1,1135.0,,,4.0,,95.0,
Portugal,2013,0.16,167.0,"170,675.6",0.2744166666667,-2.9,1171.0,48.2,270.0,8.0,32.9,142.22,30469.93
Portugal,2014,0.14,198.0,"173,186.7",-0.2781533674674945,1.5,1189.0,22.6,240.0,13.0,33.26,155.77,35555.64
Portugal,2015,0.39,692.0,"179,392.7",0.4879386239047958,1.5,1219.0,47.7,381.25,21.0,56.41,215.22,42052.0
Portugal,2016,0.4,820.0,"186,380.7",0.6073970746416364,1.8,1309.0,44.85,371.5,23.0,62.485,269.27,39789.11
Portugal,2017,0.77,1719.0,"195,509.1",1.368614116434794,3.3,1578.0,47.705882352941,267.27272727273,28.0,40.4,221.75,44717.86
Portugal,2018,1.97,4484.0,"204,997.6",0.9937156834682797,2.4,1596.0,48.714285714286,267.77777777778,29.0,41.2,216.55,46225.88
Portugal,2019,3.08,6883.0,"214,489.9",0.3381784100460566,0.8,1848.0,57.066666666667,458.92857142857,34.0,69.48,300.68,42237.97
Portugal,2020,5.4,7849.0,"201,032.7",-0.0124383299575331,-2.0,7431.0,39.325301204819,403.16455696203,97.0,57.761445783133,286.2,38311.38
Portugal,2021,9.04,13258.0,"216,493.7",1.265657190690413,1.4,14024.0,40.904347826087,493.39130434783,168.0,64.046956521739,308.73,40745.01
Portugal,2022,11.39,17806.0,"243,957.1",7.832691242333217,3.7,21369.0,49.314814814815,594.25925925926,253.0,73.787037037037,345.44,43874.27
Portugal,2023,18.21,36361.0,"270,352.6",4.311281918986795,2.0,29059.0,70.307692307692,649.23076923077,371.0,79.230769230769,,45999.05
Portugal,2024,20.06,42065.0,"289,428.0",2.416131877918763,0.7,41495.0,,,,,,
Romania,2011,0.01,5.0,"587,235.0",5.78925328815879,-2.3,,17.5,175.0,4.0,16.375,95.0,
Romania,2012,0.0,2.0,"621,214.7",3.334922676934441,1.4,,,,4.0,,95.0,
Romania,2013,0.05,31.0,"631,634.0",3.984712355481279,-0.9,,48.2,270.0,8.0,32.9,142.22,30469.93
Romania,2014,,,"668,905.0",1.068309876842947,0.8,15.0,22.6,240.0,13.0,33.26,155.77,35555.64
Romania,2015,0.07,54.0,"712,548.6",-0.5941564374951465,-1.3,59.0,47.7,381.25,21.0,56.41,215.22,42052.0
Romania,2016,0.07,64.0,"752,129.1",-1.544796668139026,-1.1,63.0,44.85,371.5,23.0,62.485,269.27,39789.11
Romania,2017,0.22,235.0,"851,620.6",1.339021211043979,2.4,114.0,47.705882352941,267.27272727273,28.0,40.4,221.75,44717.86
Romania,2018,0.38,504.0,"953,049.2",4.625484431377739,0.1,125.0,48.714285714286,267.77777777778,29.0,41.2,216.55,46225.88
Romania,2019,1.0,1613.0,"1,059,822.1",3.827854325994349,0.1,64.0,57.066666666667,458.92857142857,34.0,69.48,300.68,42237.97
Romania,2020,2.25,2844.0,"1,063,650.7",2.631073111847455,-2.1,1216.0,39.325301204819,403.16455696203,97.0,57.761445783133,286.2,38311.38
Romania,2021,5.26,6342.0,"1,186,015.4",5.052328760965817,0.8,3072.0,40.904347826087,493.39130434783,168.0,64.046956521739,308.73,40745.01
Romania,2022,8.94,11556.0,"1,384,597.8",13.79548874325207,0.7,5391.0,49.314814814815,594.25925925926,253.0,73.787037037037,345.44,43874.27
Romania,2023,10.53,15221.0,"1,590,749.4",10.39718747649961,-1.2,9688.0,70.307692307692,649.23076923077,371.0,79.230769230769,,45999.05
Romania,2024,6.49,9802.0,"1,759,183.3",5.721405743544354,1.6,15449.0,,,,,,
Slovakia,2011,0.04,25.0,"71,629.5",3.919285991462897,1.8,,17.5,175.0,4.0,16.375,95.0,
Slovakia,2012,0.0,3.0,"73,727.6",3.606102635228893,0.1,3.0,,,4.0,,95.0,
Slovakia,2013,,,"74,642.7",1.400473689630275,-0.8,3.0,48.2,270.0,8.0,32.9,142.22,30469.93
Slovakia,2014,0.03,24.0,"76,562.3",-0.0761653295419925,1.4,50.0,22.6,240.0,13.0,33.26,155.77,35555.64
Slovakia,2015,0.02,15.0,"80,376.3",-0.3252197774276946,2.0,99.0,47.7,381.25,21.0,56.41,215.22,42052.0
Slovakia,2016,0.06,55.0,"81,621.6",-0.5200101962782973,2.4,335.0,44.85,371.5,23.0,62.485,269.27,39789.11
Slovakia,2017,0.22,214.0,"84,960.4",1.311945882232337,2.2,443.0,47.705882352941,267.27272727273,28.0,40.4,221.75,44717.86
Slovakia,2018,0.31,301.0,"90,275.9",2.5140371288381,2.0,507.0,48.714285714286,267.77777777778,29.0,41.2,216.55,46225.88
Slovakia,2019,0.16,166.0,"94,547.5",2.664561334254356,1.0,211.0,57.066666666667,458.92857142857,34.0,69.48,300.68,42237.97
Slovakia,2020,1.19,907.0,"94,320.6",1.936941266942209,-1.9,1397.0,39.325301204819,403.16455696203,97.0,57.761445783133,286.2,38311.38
Slovakia,2021,1.5,1136.0,"101,891.6",3.149606299212675,-0.6,4520.0,40.904347826087,493.39130434783,168.0,64.046956521739,308.73,40745.01
Slovakia,2022,1.91,1508.0,"109,959.8",12.774146363761,1.8,7088.0,49.314814814815,594.25925925926,253.0,73.787037037037,345.44,43874.27
Slovakia,2023,2.86,2516.0,"123,538.7",10.53194766452113,0.3,8631.0,70.307692307692,649.23076923077,371.0,79.230769230769,,45999.05
Slovakia,2024,2.34,2227.0,"130,207.5",2.757609094242728,-0.2,11351.0,,,,,,
Slovenia,2011,0.02,12.0,"36,782.2",1.802851719419044,-1.7,,17.5,175.0,4.0,16.375,95.0,
Slovenia,2012,0.03,17.0,"35,933.6",2.597413860390107,-0.9,4.0,,,4.0,,95.0,
Slovenia,2013,,,"36,041.3",1.769200858818989,-1.1,4.0,48.2,270.0,8.0,32.9,142.22,30469.93
Slovenia,2014,0.04,22.0,"37,270.9",0.1993438265707711,0.4,151.0,22.6,240.0,13.0,33.26,155.77,35555.64
Slovenia,2015,0.15,93.0,"38,493.9",-0.5255522858208318,1.3,404.0,47.7,381.25,21.0,56.41,215.22,42052.0
Slovenia,2016,0.23,152.0,"40,013.2",-0.0549995416704661,1.9,474.0,44.85,371.5,23.0,62.485,269.27,39789.11
Slovenia,2017,0.46,336.0,"42,625.5",1.429107433193026,2.9,493.0,47.705882352941,267.27272727273,28.0,40.4,221.75,44717.86
Slovenia,2018,0.64,480.0,"45,462.4",1.73860861988179,3.2,540.0,48.714285714286,267.77777777778,29.0,41.2,216.55,46225.88
Slovenia,2019,0.8,579.0,"48,156.5",1.630522607543421,2.4,596.0,57.066666666667,458.92857142857,34.0,69.48,300.68,42237.97
Slovenia,2020,3.12,1667.0,"46,738.7",-0.0548568157606016,-0.7,1657.0,39.325301204819,403.16455696203,97.0,57.761445783133,286.2,38311.38
Slovenia,2021,3.13,1688.0,"52,032.4",1.917065060892635,1.3,4082.0,40.904347826087,493.39130434783,168.0,64.046956521739,308.73,40745.01
Slovenia,2022,5.0,2319.0,"56,881.6",8.833698867494546,2.9,5394.0,49.314814814815,594.25925925926,253.0,73.787037037037,345.44,43874.27
Slovenia,2023,8.86,4338.0,"64,050.0",7.446877173858359,1.5,6480.0,70.307692307692,649.23076923077,371.0,79.230769230769,,45999.05
Slovenia,2024,5.98,3148.0,"67,418.1",1.965626564325074,0.5,7796.0,,,,,,
Spain,2011,0.07,568.0,"1,068,690.0",3.196101888337842,-2.4,,17.5,175.0,4.0,16.375,95.0,
Spain,2012,0.06,443.0,"1,035,964.0",2.44612782366812,-4.3,406.0,,,4.0,,95.0,
Spain,2013,0.13,936.0,"1,025,652.0",1.408581091830136,-2.2,891.0,48.2,270.0,8.0,32.9,142.22,30469.93
Spain,2014,0.12,1085.0,"1,038,949.0",-0.1511148375272046,1.0,918.0,22.6,240.0,13.0,33.26,155.77,35555.64
Spain,2015,0.14,1461.0,"1,087,112.0",-0.5003657099032504,2.9,1663.0,47.7,381.25,21.0,56.41,215.22,42052.0
Spain,2016,0.19,2211.0,"1,122,967.0",-0.2025980004264603,2.1,3645.0,44.85,371.5,23.0,62.485,269.27,39789.11
Spain,2017,0.32,4084.0,"1,170,024.0",1.95607633363965,2.6,5089.0,47.705882352941,267.27272727273,28.0,40.4,221.75,44717.86
Spain,2018,0.45,6135.0,"1,212,276.0",1.674981368637938,2.2,5209.0,48.714285714286,267.77777777778,29.0,41.2,216.55,46225.88
Spain,2019,0.8,10427.0,"1,253,710.0",0.6995189944586921,2.7,2732.0,57.066666666667,458.92857142857,34.0,69.48,300.68,42237.97
Spain,2020,2.14,18233.0,"1,129,214.0",-0.3227530172996851,-4.4,16690.0,39.325301204819,403.16455696203,97.0,57.761445783133,286.2,38311.38
Spain,2021,2.82,24230.0,"1,235,474.0",3.093135119764123,2.6,28083.0,40.904347826087,493.39130434783,168.0,64.046956521739,308.73,40745.01
Spain,2022,3.86,31412.0,"1,375,863.0",8.390576341186343,3.8,60115.0,49.314814814815,594.25925925926,253.0,73.787037037037,345.44,43874.27
Spain,2023,5.78,54845.0,"1,497,761.0",3.532361334924285,3.3,108528.0,70.307692307692,649.23076923077,371.0,79.230769230769,,45999.05
Spain,2024,5.79,58856.0,"1,594,330.0",2.774178265347752,2.3,138911.0,,,,,,
Sweden,2011,0.06,183.0,"3,704,817.0",2.961150738221425,2.3,,17.5,175.0,4.0,16.375,95.0,
Sweden,2012,0.1,267.0,"3,724,495.0",0.8883775069236393,0.8,505.0,,,4.0,,95.0,
Sweden,2013,0.16,453.0,"3,804,976.0",-0.044292970148575,1.0,1020.0,48.2,270.0,8.0,32.9,142.22,30469.93
Sweden,2014,0.42,1370.0,"3,963,666.0",-0.1796384941146926,1.5,1205.0,22.6,240.0,13.0,33.26,155.77,35555.64
Sweden,2015,0.86,3103.0,"4,230,936.0",-0.046784744983309,1.5,2167.0,47.7,381.25,21.0,56.41,215.22,42052.0
Sweden,2016,0.83,3219.0,"4,392,801.0",0.9842692445780518,2.0,2712.0,44.85,371.5,23.0,62.485,269.27,39789.11
Sweden,2017,1.12,4403.0,"4,575,114.0",1.79449904665588,2.5,5107.0,47.705882352941,267.27272727273,28.0,40.4,221.75,44717.86
Sweden,2018,1.99,7263.0,"4,777,837.0",1.953535301270277,1.7,6420.0,48.714285714286,267.77777777778,29.0,41.2,216.55,46225.88
Sweden,2019,4.25,15594.0,"5,021,382.0",1.784150974038374,0.6,11444.0,57.066666666667,458.92857142857,34.0,69.48,300.68,42237.97
Sweden,2020,9.55,27897.0,"5,012,855.0",0.497367318853587,-1.3,47680.0,39.325301204819,403.16455696203,97.0,57.761445783133,286.2,38311.38
Sweden,2021,19.09,57454.0,"5,417,760.0",2.163197364471508,1.3,70537.0,40.904347826087,493.39130434783,168.0,64.046956521739,308.73,40745.01
Sweden,2022,32.84,94603.0,"5,816,415.0",8.36929098869185,3.5,83510.0,49.314814814815,594.25925925926,253.0,73.787037037037,345.44,43874.27
Sweden,2023,38.42,111338.0,"6,143,187.0",8.54862489748906,1.2,126758.0,70.307692307692,649.23076923077,371.0,79.230769230769,,45999.05
Sweden,2024,34.99,94333.0,"6,379,843.0",2.835816582240299,-0.3,189977.0,,,,,,
